{
 "signals": [
  {
   "coin": "PURR",
   "entry": 0.080366,
   "risk": 0.005205378598088542,
   "stop": 0.07516062140191146,
   "entry_ts": 1783958400,
   "status": "open"
  },
  {
   "coin": "CASHCAT",
   "entry": 0.16546,
   "risk": 0.08820267967409368,
   "stop": 0.07725732032590632,
   "entry_ts": 1784059200,
   "status": "open"
  }
 ]
}