GOLD-D20 в шорте -0.1R, стоп 4302.0
GOLD-D55 внутри канала (4114-4697), цена 4142.0
GOLD-D10 в шорте +0.9R, стоп 4267.5
GOLD-D ADX 40✓ но внутри канала (4130-4224), цена 4139.5
LOTTO   тихо: горячих 32 (проверено 8), пробоев 30д нет
TRAIL   ETH шорт @ 2665.10 | стоп -> 2713.50 | -0.7R | 51ч из 120

=== Сканер сетапов | 2026-10-04 16:44 (локальное) ===
ETH     внутри канала: пробой вверх > 2707.10 (+0.1%), вниз < 2657.30 (-1.8%) | цена 2705.70
ETH-VOL нет сигнала (цена 2,701.2)
ETH-MOM в лонге +0.1R, стоп 2,640.9
ETH-DONCH нет сигнала (цена 2,701.2)
BTCd-VOL в лонге +2.6R, стоп 79,085
BTCd-MOM в лонге +4.8R, стоп 79,085
BTCd-DONCH в лонге -0.3R, стоп 80,348
BTC-BOS нет сигнала (цена 85,409, ADX 25)
BTC-MOM в лонге +1.5R, стоп 83,692
BTC-DONCH в лонге -0.3R, стоп 83,756
GOLD-D20 в шорте -0.1R, стоп 4302.0
GOLD-D55 внутри канала (4114-4697), цена 4142.0
GOLD-D10 в шорте +0.9R, стоп 4267.5
GOLD-D ADX 40✓ но внутри канала (4130-4224), цена 4138.4
LOTTO   тихо: горячих 32 (проверено 8), пробоев 30д нет
TRAIL   ETH шорт @ 2665.10 | стоп -> 2713.50 | -0.7R | 52ч из 120

=== Сканер сетапов | 2026-10-04 17:12 (локальное) ===
ETH     внутри канала: пробой вверх > 2707.10 (+0.2%), вниз < 2657.30 (-1.7%) | цена 2702.10
ETH-VOL нет сигнала (цена 2,701.2)
ETH-MOM в лонге +0.1R, стоп 2,640.9
ETH-DONCH нет сигнала (цена 2,701.2)
BTCd-VOL в лонге +2.6R, стоп 79,085
BTCd-MOM в лонге +4.8R, стоп 79,085
BTCd-DONCH в лонге -0.3R, стоп 80,348
BTC-BOS нет сигнала (цена 85,409, ADX 25)
BTC-MOM в лонге +1.5R, стоп 83,692
BTC-DONCH в лонге -0.3R, стоп 83,756
GOLD-D20 в шорте -0.1R, стоп 4302.0
GOLD-D55 внутри канала (4114-4697), цена 4142.0
GOLD-D10 в шорте +0.9R, стоп 4267.5
GOLD-D ADX 38✓ но внутри канала (4130-4224), цена 4144.8
LOTTO   тихо: горячих 32 (проверено 8), пробоев 30д нет
TRAIL   ETH шорт @ 2665.10 | стоп -> 2714.33 | -0.7R | 52ч из 120

=== Сканер сетапов | 2026-10-04 17:13 (локальное) ===
ETH     внутри канала: пробой вверх > 2707.10 (+0.2%), вниз < 2657.30 (-1.7%) | цена 2702.10
ETH-VOL нет сигнала (цена 2,701.2)
ETH-MOM в лонге +0.1R, стоп 2,640.9
ETH-DONCH нет сигнала (цена 2,701.2)
BTCd-VOL в лонге +2.6R, стоп 79,085
BTCd-MOM в лонге +4.8R, стоп 79,085
BTCd-DONCH в лонге -0.3R, стоп 80,348
BTC-BOS нет сигнала (цена 85,409, ADX 25)
BTC-MOM в лонге +1.5R, стоп 83,692
BTC-DONCH в лонге -0.3R, стоп 83,756
GOLD-D20 в шорте -0.1R, стоп 4302.0
GOLD-D55 внутри канала (4114-4697), цена 4142.0
GOLD-D10 в шорте +0.9R, стоп 4267.5
GOLD-D ADX 38✓ но внутри канала (4130-4224), цена 4144.8
LOTTO   тихо: горячих 32 (проверено 8), пробоев 30д нет
TRAIL   ETH шорт @ 2665.10 | стоп -> 2714.33 | -0.7R | 52ч из 120

=== Сканер сетапов | 2026-10-04 17:41 (локальное) ===
ETH     внутри канала: пробой вверх > 2707.10 (+0.2%), вниз < 2657.30 (-1.7%) | цена 2702.10
ETH-VOL нет сигнала (цена 2,701.2)
ETH-MOM в лонге +0.1R, стоп 2,640.9
ETH-DONCH нет сигнала (цена 2,701.2)
BTCd-VOL в лонге +2.6R, стоп 79,085
BTCd-MOM в лонге +4.8R, стоп 79,085
BTCd-DONCH в лонге -0.3R, стоп 80,348
BTC-BOS нет сигнала (цена 85,409, ADX 25)
BTC-MOM в лонге +1.5R, стоп 83,692
BTC-DONCH в лонге -0.3R, стоп 83,756
GOLD-D20 в шорте -0.1R, стоп 4302.0
GOLD-D55 внутри канала (4114-4697), цена 4142.0
GOLD-D10 в шорте +0.9R, стоп 4267.5
GOLD-D ADX 38✓ но внутри канала (4130-4224), цена 4144.0
LOTTO   тихо: горячих 32 (проверено 8), пробоев 30д нет
TRAIL   ETH шорт @ 2665.10 | стоп -> 2714.33 | -0.7R | 53ч из 120

=== Сканер сетапов | 2026-10-04 18:09 (локальное) ===
ETH     !!! пробой ПРОТИВ позиции (ЛОНГ) - проверь стоп немедленно
ETH-VOL нет сигнала (цена 2,701.2)
ETH-MOM в лонге +0.1R, стоп 2,640.9
ETH-DONCH нет сигнала (цена 2,701.2)
BTCd-VOL в лонге +2.6R, стоп 79,085
BTCd-MOM в лонге +4.8R, стоп 79,085
BTCd-DONCH в лонге -0.3R, стоп 80,348
BTC-BOS нет сигнала (цена 85,409, ADX 25)
BTC-MOM в лонге +1.5R, стоп 83,692
BTC-DONCH в лонге -0.3R, стоп 83,756
GOLD-D20 в шорте -0.1R, стоп 4302.0
GOLD-D55 внутри канала (4114-4697), цена 4142.0
GOLD-D10 в шорте +0.9R, стоп 4267.5
GOLD-D ADX 38✓ но внутри канала (4130-4224), цена 4145.7
LOTTO   тихо: горячих 31 (проверено 8), пробоев 30д нет
TRAIL   ETH шорт: СТОП ЗАДЕТ на 2713.89 — ЗАКРЫВАЙ (было -1.2R)

=== Сканер сетапов | 2026-10-04 18:37 (локальное) ===
ETH     >>> ЛОНГ | вход ~2731.00 | стоп 2708.84 | годен при цене ниже 2740 | трейлинг 2.5xATR за ценой, тайм-стоп 120ч | риск 0.15-0.2%
ETH-VOL нет сигнала (цена 2,701.2)
ETH-MOM в лонге +0.1R, стоп 2,640.9
ETH-DONCH нет сигнала (цена 2,701.2)
BTCd-VOL в лонге +2.6R, стоп 79,085
BTCd-MOM в лонге +4.8R, стоп 79,085
BTCd-DONCH в лонге -0.3R, стоп 80,348
BTC-BOS нет сигнала (цена 85,409, ADX 25)
BTC-MOM в лонге +1.5R, стоп 83,692
BTC-DONCH в лонге -0.3R, стоп 83,756
GOLD-D20 в шорте -0.1R, стоп 4302.0
GOLD-D55 внутри канала (4114-4697), цена 4142.0
GOLD-D10 в шорте +0.9R, стоп 4267.5
GOLD-D ADX 38✓ но внутри канала (4130-4224), цена 4146.9
LOTTO   тихо: горячих 32 (проверено 8), пробоев 30д нет
TRAIL   ETH лонг @ 2731.00 | стоп -> 2709.95 | +0.0R | 2ч из 120

=== Сканер сетапов | 2026-10-04 19:05 (локальное) ===
ETH     внутри канала: пробой вверх > 2737.40 (+0.4%), вниз < 2666.00 (-2.2%) | цена 2726.80
ETH-VOL нет сигнала (цена 2,726.8)
ETH-MOM в лонге +0.6R, стоп 2,654.5
ETH-DONCH нет сигнала (цена 2,726.8)
BTCd-VOL в лонге +3.0R, стоп 79,085
BTCd-MOM в лонге +5.4R, стоп 79,085
BTCd-DONCH в лонге -0.0R, стоп 80,348
BTC-BOS нет сигнала (цена 86,504, ADX 28)
BTC-MOM в лонге +2.2R, стоп 84,503
BTC-DONCH в лонге +0.2R, стоп 84,503
GOLD-D20 в шорте -0.1R, стоп 4302.0
GOLD-D55 внутри канала (4114-4697), цена 4144.3
GOLD-D10 в шорте +0.9R, стоп 4267.5
GOLD-D ADX 38✓ но внутри канала (4130-4224), цена 4144.3
LOTTO   AXS: оборот 3.2x OI + пробой 30д максимума
LOTTO   STRK: оборот 0.8x OI + пробой 30д максимума
LOTTO   PUMP: оборот 0.4x OI + пробой 30д максимума
TRAIL   ETH лонг @ 2731.00 | стоп -> 2709.30 | -0.2R | 2ч из 120

=== Сканер сетапов | 2026-10-04 19:33 (локальное) ===
ETH     внутри канала: пробой вверх > 2737.40 (+0.4%), вниз < 2666.00 (-2.2%) | цена 2726.80
ETH-VOL нет сигнала (цена 2,726.8)
ETH-MOM в лонге +0.6R, стоп 2,654.5
ETH-DONCH нет сигнала (цена 2,726.8)
BTCd-VOL в лонге +3.0R, стоп 79,085
BTCd-MOM в лонге +5.4R, стоп 79,085
BTCd-DONCH в лонге -0.0R, стоп 80,348
BTC-BOS нет сигнала (цена 86,504, ADX 28)
BTC-MOM в лонге +2.2R, стоп 84,503
BTC-DONCH в лонге +0.2R, стоп 84,503
GOLD-D20 в шорте -0.1R, стоп 4302.0
GOLD-D55 внутри канала (4114-4697), цена 4144.3
GOLD-D10 в шорте +0.9R, стоп 4267.5
GOLD-D ADX 38✓ но внутри канала (4130-4224), цена 4144.3
LOTTO   тихо: горячих 32 (проверено 8), пробоев 30д нет
TRAIL   ETH лонг @ 2731.00 | стоп -> 2709.30 | -0.2R | 3ч из 120

=== Сканер сетапов | 2026-10-04 20:01 (локальное) ===
ETH     внутри канала: пробой вверх > 2739.50 (+0.4%), вниз < 2666.00 (-2.3%) | цена 2729.40
ETH-VOL нет сигнала (цена 2,726.8)
ETH-MOM в лонге +0.6R, стоп 2,654.5
ETH-DONCH нет сигнала (цена 2,726.8)
BTCd-VOL в лонге +3.0R, стоп 79,085
BTCd-MOM в лонге +5.4R, стоп 79,085
BTCd-DONCH в лонге -0.0R, стоп 80,348
BTC-BOS нет сигнала (цена 86,504, ADX 28)
BTC-MOM в лонге +2.2R, стоп 84,503
BTC-DONCH в лонге +0.2R, стоп 84,503
GOLD-D20 в шорте -0.1R, стоп 4302.0
GOLD-D55 внутри канала (4114-4697), цена 4144.3
GOLD-D10 в шорте +0.9R, стоп 4267.5
GOLD-D ADX 34✓ но внутри канала (4130-4224), цена 4158.4
LOTTO   тихо: горячих 33 (проверено 8), пробоев 30д нет
TRAIL   ETH лонг @ 2731.00 | стоп -> 2709.54 | -0.1R | 3ч из 120

=== Сканер сетапов | 2026-10-04 20:29 (локальное) ===
ETH     внутри канала: пробой вверх > 2739.50 (+0.4%), вниз < 2666.00 (-2.3%) | цена 2729.40
ETH-VOL нет сигнала (цена 2,726.8)
ETH-MOM в лонге +0.6R, стоп 2,654.5
ETH-DONCH нет сигнала (цена 2,726.8)
BTCd-VOL в лонге +3.0R, стоп 79,085
BTCd-MOM в лонге +5.4R, стоп 79,085
BTCd-DONCH в лонге -0.0R, стоп 80,348
BTC-BOS нет сигнала (цена 86,504, ADX 28)
BTC-MOM в лонге +2.2R, стоп 84,503
BTC-DONCH в лонге +0.2R, стоп 84,503
GOLD-D20 в шорте -0.1R, стоп 4302.0
GOLD-D55 внутри канала (4114-4697), цена 4144.3
GOLD-D10 в шорте +0.9R, стоп 4267.5
GOLD-D ADX 33✓ но внутри канала (4130-4224), цена 4156.6
LOTTO   тихо: горячих 33 (проверено 8), пробоев 30д нет
TRAIL   ETH лонг @ 2731.00 | стоп -> 2709.54 | -0.1R | 3ч из 120

=== Сканер сетапов | 2026-10-04 20:57 (локальное) ===
ETH     внутри канала: пробой вверх > 2739.50 (+0.4%), вниз < 2666.00 (-2.3%) | цена 2729.40
ETH-VOL нет сигнала (цена 2,726.8)
ETH-MOM в лонге +0.6R, стоп 2,654.5
ETH-DONCH нет сигнала (цена 2,726.8)
BTCd-VOL в лонге +3.0R, стоп 79,085
BTCd-MOM в лонге +5.4R, стоп 79,085
BTCd-DONCH в лонге -0.0R, стоп 80,348
BTC-BOS нет сигнала (цена 86,504, ADX 28)
BTC-MOM в лонге +2.2R, стоп 84,503
BTC-DONCH в лонге +0.2R, стоп 84,503
GOLD-D20 в шорте -0.1R, стоп 4302.0
GOLD-D55 внутри канала (4114-4697), цена 4144.3
GOLD-D10 в шорте +0.9R, стоп 4267.5
GOLD-D ADX 33✓ но внутри канала (4130-4224), цена 4160.9
LOTTO   тихо: горячих 33 (проверено 8), пробоев 30д нет
TRAIL   ETH лонг @ 2731.00 | стоп -> 2709.54 | -0.1R | 4ч из 120

=== Сканер сетапов | 2026-10-04 21:26 (локальное) ===
ETH     внутри канала: пробой вверх > 2739.50 (+0.5%), вниз < 2672.10 (-1.9%) | цена 2724.70
ETH-VOL нет сигнала (цена 2,726.8)
ETH-MOM в лонге +0.6R, стоп 2,654.5
ETH-DONCH нет сигнала (цена 2,726.8)
BTCd-VOL в лонге +3.0R, стоп 79,085
BTCd-MOM в лонге +5.4R, стоп 79,085
BTCd-DONCH в лонге -0.0R, стоп 80,348
BTC-BOS нет сигнала (цена 86,504, ADX 28)
BTC-MOM в лонге +2.2R, стоп 84,503
BTC-DONCH в лонге +0.2R, стоп 84,503
GOLD-D20 в шорте -0.1R, стоп 4302.0
GOLD-D55 внутри канала (4114-4697), цена 4144.3
GOLD-D10 в шорте +0.9R, стоп 4267.5
GOLD-D ADX 33✓ но внутри канала (4130-4224), цена 4161.9
LOTTO   тихо: горячих 33 (проверено 8), пробоев 30д нет
TRAIL   ETH лонг @ 2731.00 | стоп -> 2709.75 | -0.3R | 4ч из 120

=== Сканер сетапов | 2026-10-04 21:26 (локальное) ===
ETH     внутри канала: пробой вверх > 2739.50 (+0.5%), вниз < 2672.10 (-1.9%) | цена 2724.70
ETH-VOL нет сигнала (цена 2,726.8)
ETH-MOM в лонге +0.6R, стоп 2,654.5
ETH-DONCH нет сигнала (цена 2,726.8)
BTCd-VOL в лонге +3.0R, стоп 79,085
BTCd-MOM в лонге +5.4R, стоп 79,085
BTCd-DONCH в лонге -0.0R, стоп 80,348
BTC-BOS нет сигнала (цена 86,504, ADX 28)
BTC-MOM в лонге +2.2R, стоп 84,503
BTC-DONCH в лонге +0.2R, стоп 84,503
GOLD-D20 в шорте -0.1R, стоп 4302.0
GOLD-D55 внутри канала (4114-4697), цена 4144.3
GOLD-D10 в шорте +0.9R, стоп 4267.5
GOLD-D ADX 33✓ но внутри канала (4130-4224), цена 4161.9
LOTTO   тихо: горячих 33 (проверено 8), пробоев 30д нет
TRAIL   ETH лонг @ 2731.00 | стоп -> 2709.75 | -0.3R | 4ч из 120

=== Сканер сетапов | 2026-10-04 21:54 (локальное) ===
ETH     внутри канала: пробой вверх > 2739.50 (+0.5%), вниз < 2672.10 (-1.9%) | цена 2724.70
ETH-VOL нет сигнала (цена 2,726.8)
ETH-MOM в лонге +0.6R, стоп 2,654.5
ETH-DONCH нет сигнала (цена 2,726.8)
BTCd-VOL в лонге +3.0R, стоп 79,085
BTCd-MOM в лонге +5.4R, стоп 79,085
BTCd-DONCH в лонге -0.0R, стоп 80,348
BTC-BOS нет сигнала (цена 86,504, ADX 28)
BTC-MOM в лонге +2.2R, стоп 84,503
BTC-DONCH в лонге +0.2R, стоп 84,503
GOLD-D20 в шорте -0.1R, стоп 4302.0
GOLD-D55 внутри канала (4114-4697), цена 4144.3
GOLD-D10 в шорте +0.9R, стоп 4267.5
GOLD-D ADX 33✓ но внутри канала (4130-4224), цена 4146.4
LOTTO   тихо: горячих 33 (проверено 8), пробоев 30д нет
TRAIL   ETH лонг @ 2731.00 | стоп -> 2709.75 | -0.3R | 5ч из 120

=== Сканер сетапов | 2026-10-04 22:22 (локальное) ===
ETH     внутри канала: пробой вверх > 2739.50 (+0.3%), вниз < 2672.10 (-2.1%) | цена 2730.70
ETH-VOL нет сигнала (цена 2,726.8)
ETH-MOM в лонге +0.6R, стоп 2,654.5
ETH-DONCH нет сигнала (цена 2,726.8)
BTCd-VOL в лонге +3.0R, стоп 79,085
BTCd-MOM в лонге +5.4R, стоп 79,085
BTCd-DONCH в лонге -0.0R, стоп 80,348
BTC-BOS нет сигнала (цена 86,504, ADX 28)
BTC-MOM в лонге +2.2R, стоп 84,503
BTC-DONCH в лонге +0.2R, стоп 84,503
GOLD-D20 в шорте -0.1R, стоп 4302.0
GOLD-D55 внутри канала (4114-4697), цена 4144.3
GOLD-D10 в шорте +0.9R, стоп 4267.5
GOLD-D ADX 33✓ но внутри канала (4130-4224), цена 4143.3
LOTTO   тихо: горячих 33 (проверено 8), пробоев 30д нет
TRAIL   ETH лонг @ 2731.00 | стоп -> 2709.88 | -0.0R | 5ч из 120

=== Сканер сетапов | 2026-10-04 22:50 (локальное) ===
ETH     внутри канала: пробой вверх > 2739.50 (+0.3%), вниз < 2672.10 (-2.1%) | цена 2730.70
ETH-VOL нет сигнала (цена 2,726.8)
ETH-MOM в лонге +0.6R, стоп 2,654.5
ETH-DONCH нет сигнала (цена 2,726.8)
BTCd-VOL в лонге +3.0R, стоп 79,085
BTCd-MOM в лонге +5.4R, стоп 79,085
BTCd-DONCH в лонге -0.0R, стоп 80,348
BTC-BOS нет сигнала (цена 86,504, ADX 28)
BTC-MOM в лонге +2.2R, стоп 84,503
BTC-DONCH в лонге +0.2R, стоп 84,503
GOLD-D20 в шорте -0.1R, стоп 4302.0
GOLD-D55 внутри канала (4114-4697), цена 4144.3
GOLD-D10 в шорте +0.9R, стоп 4267.5
GOLD-D ADX 33✓ но внутри канала (4130-4224), цена 4146.3
LOTTO   тихо: горячих 33 (проверено 8), пробоев 30д нет
TRAIL   ETH лонг @ 2731.00 | стоп -> 2709.88 | -0.0R | 6ч из 120

=== Сканер сетапов | 2026-10-04 23:18 (локальное) ===
ETH     внутри канала: пробой вверх > 2739.50 (+0.9%), вниз < 2672.10 (-1.6%) | цена 2716.00
ETH-VOL нет сигнала (цена 2,716.0)
ETH-MOM в лонге +0.4R, стоп 2,654.5
ETH-DONCH нет сигнала (цена 2,716.0)
BTCd-VOL в лонге +3.0R, стоп 79,085
BTCd-MOM в лонге +5.4R, стоп 79,085
BTCd-DONCH в лонге -0.0R, стоп 80,348
BTC-BOS нет сигнала (цена 86,057, ADX 31)
BTC-MOM в лонге +1.9R, стоп 84,503
BTC-DONCH в лонге -0.0R, стоп 84,503
GOLD-D20 в шорте -0.1R, стоп 4302.0
GOLD-D55 внутри канала (4114-4697), цена 4144.3
GOLD-D10 в шорте +0.9R, стоп 4267.5
GOLD-D ADX 33✓ но внутри канала (4130-4224), цена 4146.2
LOTTO   тихо: горячих 33 (проверено 8), пробоев 30д нет
TRAIL   ETH лонг @ 2731.00 | стоп -> 2709.36 | -0.7R | 6ч из 120

=== Сканер сетапов | 2026-10-04 23:46 (локальное) ===
ETH     внутри канала: пробой вверх > 2739.50 (+0.9%), вниз < 2672.10 (-1.6%) | цена 2716.00
ETH-VOL нет сигнала (цена 2,716.0)
ETH-MOM в лонге +0.4R, стоп 2,654.5
ETH-DONCH нет сигнала (цена 2,716.0)
BTCd-VOL в лонге +3.0R, стоп 79,085
BTCd-MOM в лонге +5.4R, стоп 79,085
BTCd-DONCH в лонге -0.0R, стоп 80,348
BTC-BOS нет сигнала (цена 86,057, ADX 31)
BTC-MOM в лонге +1.9R, стоп 84,503
BTC-DONCH в лонге -0.0R, стоп 84,503
GOLD-D20 в шорте -0.1R, стоп 4302.0
GOLD-D55 внутри канала (4114-4697), цена 4144.3
GOLD-D10 в шорте +0.9R, стоп 4267.5
GOLD-D ADX 33✓ но внутри канала (4130-4224), цена 4146.2
LOTTO   тихо: горячих 34 (проверено 8), пробоев 30д нет
TRAIL   ETH лонг @ 2731.00 | стоп -> 2709.36 | -0.7R | 7ч из 120

=== Сканер сетапов | 2026-10-05 00:14 (локальное) ===
ETH     внутри канала: пробой вверх > 2739.50 (+1.4%), вниз < 2672.10 (-1.1%) | цена 2702.50
ETH-VOL нет сигнала (цена 2,716.0)
ETH-MOM в лонге +0.4R, стоп 2,654.5
ETH-DONCH нет сигнала (цена 2,716.0)
BTCd-VOL в лонге +3.0R, стоп 79,085
BTCd-MOM в лонге +5.4R, стоп 79,085
BTCd-DONCH в лонге -0.0R, стоп 80,348
BTC-BOS нет сигнала (цена 86,057, ADX 31)
BTC-MOM в лонге +1.9R, стоп 84,503
BTC-DONCH в лонге -0.0R, стоп 84,503
GOLD-D20 в шорте -0.1R, стоп 4302.0
GOLD-D55 внутри канала (4114-4697), цена 4144.3
GOLD-D10 в шорте +0.9R, стоп 4267.5
GOLD-D ADX 31✓ но внутри канала (4130-4224), цена 4140.1
LOTTO   тихо: горячих 34 (проверено 8), пробоев 30д нет
TRAIL   ETH лонг: СТОП ЗАДЕТ на 2710.06 — ЗАКРЫВАЙ (было -1.4R)

=== Сканер сетапов | 2026-10-05 00:42 (локальное) ===
ETH     внутри канала: пробой вверх > 2739.50 (+1.4%), вниз < 2672.10 (-1.1%) | цена 2702.50
ETH-VOL нет сигнала (цена 2,716.0)
ETH-MOM в лонге +0.4R, стоп 2,654.5
ETH-DONCH нет сигнала (цена 2,716.0)
BTCd-VOL в лонге +3.0R, стоп 79,085
BTCd-MOM в лонге +5.4R, стоп 79,085
BTCd-DONCH в лонге -0.0R, стоп 80,348
BTC-BOS нет сигнала (цена 86,057, ADX 31)
BTC-MOM в лонге +1.9R, стоп 84,503
BTC-DONCH в лонге -0.0R, стоп 84,503
GOLD-D20 в шорте -0.1R, стоп 4302.0
GOLD-D55 внутри канала (4114-4697), цена 4144.3
GOLD-D10 в шорте +0.9R, стоп 4267.5
GOLD-D ADX 31✓ но внутри канала (4130-4224), цена 4137.6
LOTTO   тихо: горячих 34 (проверено 8), пробоев 30д нет

=== Сканер сетапов | 2026-10-05 01:11 (локальное) ===
ETH     внутри канала: пробой вверх > 2739.50 (+1.2%), вниз < 2673.30 (-1.2%) | цена 2706.30
ETH-VOL нет сигнала (цена 2,716.0)
ETH-MOM в лонге +0.4R, стоп 2,654.5
ETH-DONCH нет сигнала (цена 2,716.0)
BTCd-VOL в лонге +3.0R, стоп 79,085
BTCd-MOM в лонге +5.4R, стоп 79,085
BTCd-DONCH в лонге -0.0R, стоп 80,348
BTC-BOS нет сигнала (цена 86,057, ADX 31)
BTC-MOM в лонге +1.9R, стоп 84,503
BTC-DONCH в лонге -0.0R, стоп 84,503
GOLD-D20 в шорте -0.1R, стоп 4302.0
GOLD-D55 внутри канала (4114-4697), цена 4144.3
GOLD-D10 в шорте +0.9R, стоп 4267.5
GOLD-D ADX 31✓ но внутри канала (4130-4224), цена 4147.2
LOTTO   тихо: горячих 35 (проверено 8), пробоев 30д нет

=== Сканер сетапов | 2026-10-05 01:39 (локальное) ===
ETH     внутри канала: пробой вверх > 2739.50 (+1.2%), вниз < 2673.30 (-1.2%) | цена 2706.30
ETH-VOL нет сигнала (цена 2,716.0)
ETH-MOM в лонге +0.4R, стоп 2,654.5
ETH-DONCH нет сигнала (цена 2,716.0)
BTCd-VOL в лонге +3.0R, стоп 79,085
BTCd-MOM в лонге +5.4R, стоп 79,085
BTCd-DONCH в лонге -0.0R, стоп 80,348
BTC-BOS нет сигнала (цена 86,057, ADX 31)
BTC-MOM в лонге +1.9R, стоп 84,503
BTC-DONCH в лонге -0.0R, стоп 84,503
GOLD-D20 в шорте -0.1R, стоп 4302.0
GOLD-D55 внутри канала (4114-4697), цена 4144.3
GOLD-D10 в шорте +0.9R, стоп 4267.5
GOLD-D ADX 31✓ но внутри канала (4130-4224), цена 4149.8
LOTTO   тихо: горячих 36 (проверено 8), пробоев 30д нет

=== Сканер сетапов | 2026-10-05 01:39 (локальное) ===
ETH     внутри канала: пробой вверх > 2739.50 (+1.2%), вниз < 2673.30 (-1.2%) | цена 2706.30
ETH-VOL нет сигнала (цена 2,716.0)
ETH-MOM в лонге +0.4R, стоп 2,654.5
ETH-DONCH нет сигнала (цена 2,716.0)
BTCd-VOL в лонге +3.0R, стоп 79,085
BTCd-MOM в лонге +5.4R, стоп 79,085
BTCd-DONCH в лонге -0.0R, стоп 80,348
BTC-BOS нет сигнала (цена 86,057, ADX 31)
BTC-MOM в лонге +1.9R, стоп 84,503
BTC-DONCH в лонге -0.0R, стоп 84,503
GOLD-D20 в шорте -0.1R, стоп 4302.0
GOLD-D55 внутри канала (4114-4697), цена 4144.3
GOLD-D10 в шорте +0.9R, стоп 4267.5
GOLD-D ADX 31✓ но внутри канала (4130-4224), цена 4149.8
LOTTO   тихо: горячих 36 (проверено 8), пробоев 30д нет

=== Сканер сетапов | 2026-10-05 02:07 (локальное) ===
ETH     внутри канала: пробой вверх > 2739.50 (+0.5%), вниз < 2675.40 (-1.9%) | цена 2726.30
ETH-VOL нет сигнала (цена 2,716.0)
ETH-MOM в лонге +0.4R, стоп 2,654.5
ETH-DONCH нет сигнала (цена 2,716.0)
BTCd-VOL в лонге +3.0R, стоп 79,085
BTCd-MOM в лонге +5.4R, стоп 79,085
BTCd-DONCH в лонге -0.0R, стоп 80,348
BTC-BOS нет сигнала (цена 86,057, ADX 31)
BTC-MOM в лонге +1.9R, стоп 84,503
BTC-DONCH в лонге -0.0R, стоп 84,503
GOLD-D20 в шорте -0.1R, стоп 4302.0
GOLD-D55 внутри канала (4114-4697), цена 4144.3
GOLD-D10 в шорте +0.9R, стоп 4267.5
GOLD-D ADX 31✓ но внутри канала (4130-4224), цена 4156.0
LOTTO   тихо: горячих 36 (проверено 8), пробоев 30д нет

=== Сканер сетапов | 2026-10-05 02:35 (локальное) ===
ETH     внутри канала: пробой вверх > 2739.50 (+0.5%), вниз < 2675.40 (-1.9%) | цена 2726.30
ETH-VOL нет сигнала (цена 2,716.0)
ETH-MOM в лонге +0.4R, стоп 2,654.5
ETH-DONCH нет сигнала (цена 2,716.0)
BTCd-VOL в лонге +3.0R, стоп 79,085
BTCd-MOM в лонге +5.4R, стоп 79,085
BTCd-DONCH в лонге -0.0R, стоп 80,348
BTC-BOS нет сигнала (цена 86,057, ADX 31)
BTC-MOM в лонге +1.9R, стоп 84,503
BTC-DONCH в лонге -0.0R, стоп 84,503
GOLD-D20 в шорте -0.1R, стоп 4302.0
GOLD-D55 внутри канала (4114-4697), цена 4144.3
GOLD-D10 в шорте +0.9R, стоп 4267.5
GOLD-D ADX 31✓ но внутри канала (4130-4224), цена 4154.1
LOTTO   тихо: горячих 36 (проверено 8), пробоев 30д нет

=== Сканер сетапов | 2026-10-05 03:03 (локальное) ===
ETH     внутри канала: пробой вверх > 2739.50 (+0.5%), вниз < 2676.70 (-1.8%) | цена 2726.60
ETH-VOL нет сигнала (цена 2,726.6)
ETH-MOM в лонге +0.6R, стоп 2,654.5
ETH-DONCH нет сигнала (цена 2,726.6)
BTCd-VOL в лонге +3.0R, стоп 79,085
BTCd-MOM в лонге +5.4R, стоп 79,085
BTCd-DONCH в лонге -0.0R, стоп 80,348
BTC-BOS нет сигнала (цена 86,240, ADX 31)
BTC-MOM в лонге +2.0R, стоп 84,503
BTC-DONCH в лонге +0.1R, стоп 84,503
GOLD-D20 в шорте -0.1R, стоп 4302.0
GOLD-D55 внутри канала (4114-4697), цена 4144.3
GOLD-D10 в шорте +0.9R, стоп 4267.5
GOLD-D ADX 31✓ но внутри канала (4130-4224), цена 4162.2
LOTTO   тихо: горячих 37 (проверено 8), пробоев 30д нет

=== Сканер сетапов | 2026-10-05 03:31 (локальное) ===
ETH     внутри канала: пробой вверх > 2739.50 (+0.5%), вниз < 2676.70 (-1.8%) | цена 2726.60
ETH-VOL нет сигнала (цена 2,726.6)
ETH-MOM в лонге +0.6R, стоп 2,654.5
ETH-DONCH нет сигнала (цена 2,726.6)
BTCd-VOL в лонге +3.0R, стоп 79,085
BTCd-MOM в лонге +5.4R, стоп 79,085
BTCd-DONCH в лонге -0.0R, стоп 80,348
BTC-BOS нет сигнала (цена 86,240, ADX 31)
BTC-MOM в лонге +2.0R, стоп 84,503
BTC-DONCH в лонге +0.1R, стоп 84,503
GOLD-D20 в шорте -0.1R, стоп 4302.0
GOLD-D55 внутри канала (4114-4697), цена 4144.3
GOLD-D10 в шорте +0.9R, стоп 4267.5
GOLD-D ADX 31✓ но внутри канала (4130-4224), цена 4162.2
LOTTO   тихо: горячих 36 (проверено 8), пробоев 30д нет

=== Сканер сетапов | 2026-10-05 03:59 (локальное) ===
ETH     внутри канала: пробой вверх > 2739.50 (+0.5%), вниз < 2676.70 (-1.8%) | цена 2726.60
ETH-VOL нет сигнала (цена 2,726.6)
ETH-MOM в лонге +0.6R, стоп 2,654.5
ETH-DONCH нет сигнала (цена 2,726.6)
BTCd-VOL в лонге +3.0R, стоп 79,085
BTCd-MOM в лонге +5.4R, стоп 79,085
BTCd-DONCH в лонге -0.0R, стоп 80,348
BTC-BOS нет сигнала (цена 86,240, ADX 31)
BTC-MOM в лонге +2.0R, стоп 84,503
BTC-DONCH в лонге +0.1R, стоп 84,503
GOLD-D20 в шорте -0.1R, стоп 4302.0
GOLD-D55 внутри канала (4114-4697), цена 4144.3
GOLD-D10 в шорте +0.9R, стоп 4267.5
GOLD-D ADX 31✓ но внутри канала (4130-4224), цена 4162.2
LOTTO   тихо: горячих 36 (проверено 8), пробоев 30д нет

=== Сканер сетапов | 2026-10-05 04:30 (локальное) ===
ETH     внутри канала: пробой вверх > 2739.50 (+0.7%), вниз < 2676.70 (-1.6%) | цена 2720.50
ETH-VOL нет сигнала (цена 2,726.6)
ETH-MOM в лонге +0.6R, стоп 2,654.5
ETH-DONCH нет сигнала (цена 2,726.6)
BTCd-VOL в лонге +3.0R, стоп 79,085
BTCd-MOM в лонге +5.4R, стоп 79,085
BTCd-DONCH в лонге -0.0R, стоп 80,348
BTC-BOS нет сигнала (цена 86,240, ADX 31)
BTC-MOM в лонге +2.0R, стоп 84,503
BTC-DONCH в лонге +0.1R, стоп 84,503
GOLD-D20 в шорте -0.1R, стоп 4302.0
GOLD-D55 внутри канала (4114-4697), цена 4144.3
GOLD-D10 в шорте +0.9R, стоп 4267.5
GOLD-D ADX 29✓ но внутри канала (4127-4224), цена 4167.2
LOTTO   тихо: горячих 36 (проверено 8), пробоев 30д нет

=== Сканер сетапов | 2026-10-05 05:00 (локальное) ===
ETH     внутри канала: пробой вверх > 2739.50 (+0.8%), вниз < 2676.70 (-1.5%) | цена 2716.60
ETH-VOL нет сигнала (цена 2,726.6)
ETH-MOM в лонге +0.6R, стоп 2,654.5
ETH-DONCH нет сигнала (цена 2,726.6)
BTCd-VOL в лонге +3.0R, стоп 79,085
BTCd-MOM в лонге +5.4R, стоп 79,085
BTCd-DONCH в лонге -0.0R, стоп 80,348
BTC-BOS нет сигнала (цена 86,240, ADX 31)
BTC-MOM в лонге +2.0R, стоп 84,503
BTC-DONCH в лонге +0.1R, стоп 84,503
GOLD-D20 в шорте -0.1R, стоп 4302.0
GOLD-D55 внутри канала (4114-4697), цена 4144.3
GOLD-D10 в шорте +0.9R, стоп 4267.5
GOLD-D ADX 29✓ но внутри канала (4127-4224), цена 4159.0
LOTTO   тихо: горячих 36 (проверено 8), пробоев 30д нет

=== Сканер сетапов | 2026-10-05 05:28 (локальное) ===
ETH     внутри канала: пробой вверх > 2739.50 (+0.8%), вниз < 2676.70 (-1.5%) | цена 2716.60
ETH-VOL нет сигнала (цена 2,726.6)
ETH-MOM в лонге +0.6R, стоп 2,654.5
ETH-DONCH нет сигнала (цена 2,726.6)
BTCd-VOL в лонге +3.0R, стоп 79,085
BTCd-MOM в лонге +5.4R, стоп 79,085
BTCd-DONCH в лонге -0.0R, стоп 80,348
BTC-BOS нет сигнала (цена 86,240, ADX 31)
BTC-MOM в лонге +2.0R, стоп 84,503
BTC-DONCH в лонге +0.1R, стоп 84,503
GOLD-D20 в шорте -0.1R, стоп 4302.0
GOLD-D55 внутри канала (4114-4697), цена 4144.3
GOLD-D10 в шорте +0.9R, стоп 4267.5
GOLD-D ADX 29✓ но внутри канала (4127-4224), цена 4158.2
LOTTO   тихо: горячих 36 (проверено 8), пробоев 30д нет

=== Сканер сетапов | 2026-10-05 05:56 (локальное) ===
ETH     внутри канала: пробой вверх > 2739.50 (+0.8%), вниз < 2676.70 (-1.5%) | цена 2716.60
ETH-VOL нет сигнала (цена 2,726.6)
ETH-MOM в лонге +0.6R, стоп 2,654.5
ETH-DONCH нет сигнала (цена 2,726.6)
BTCd-VOL в лонге +3.0R, стоп 79,085
BTCd-MOM в лонге +5.4R, стоп 79,085
BTCd-DONCH в лонге -0.0R, стоп 80,348
BTC-BOS нет сигнала (цена 86,240, ADX 31)
BTC-MOM в лонге +2.0R, стоп 84,503
BTC-DONCH в лонге +0.1R, стоп 84,503
GOLD-D20 в шорте -0.1R, стоп 4302.0
GOLD-D55 внутри канала (4114-4697), цена 4144.3
GOLD-D10 в шорте +0.9R, стоп 4267.5
GOLD-D ADX 29✓ но внутри канала (4127-4224), цена 4164.1
LOTTO   тихо: горячих 36 (проверено 8), пробоев 30д нет

=== Сканер сетапов | 2026-10-05 10:07 (локальное) ===
ETH     внутри канала: пробой вверх > 2739.50 (+1.3%), вниз < 2678.00 (-0.9%) | цена 2703.60
ETH-VOL нет сигнала (цена 2,717.7)
ETH-MOM в лонге +0.4R, стоп 2,654.5
ETH-DONCH нет сигнала (цена 2,717.7)
BTCd-VOL в лонге +3.0R, стоп 79,085
BTCd-MOM в лонге +5.4R, стоп 79,085
BTCd-DONCH в лонге -0.0R, стоп 80,348
BTC-BOS нет сигнала (цена 86,196, ADX 32)
BTC-MOM в лонге +2.0R, стоп 84,503
BTC-DONCH в лонге +0.1R, стоп 84,503
GOLD-D20 в шорте -0.1R, стоп 4302.0
GOLD-D55 внутри канала (4114-4697), цена 4144.3
GOLD-D10 в шорте +0.9R, стоп 4267.5
GOLD-D ADX 29✓ но внутри канала (4127-4224), цена 4143.1
SPX-RSI5 нет сигнала (RSI2 86, цена 7,723)
SPX-DIP5 нет сигнала (RSI2 86, цена 7,723)
SPX-TOM в лонге +0.5R, стоп 7,520
SPX-MR  выход по RSI2>70, закрытие на следующем открытии (+0.5R)
LOTTO   SKY: оборот 0.7x OI + пробой 30д максимума

=== Сканер сетапов | 2026-10-05 10:36 (локальное) ===
ETH     внутри канала: пробой вверх > 2739.50 (+1.3%), вниз < 2678.00 (-0.9%) | цена 2703.60
ETH-VOL нет сигнала (цена 2,717.7)
ETH-MOM в лонге +0.4R, стоп 2,654.5
ETH-DONCH нет сигнала (цена 2,717.7)
BTCd-VOL в лонге +3.0R, стоп 79,085
BTCd-MOM в лонге +5.4R, стоп 79,085
BTCd-DONCH в лонге -0.0R, стоп 80,348
BTC-BOS нет сигнала (цена 86,196, ADX 32)
BTC-MOM в лонге +2.0R, стоп 84,503
BTC-DONCH в лонге +0.1R, стоп 84,503
GOLD-D20 в шорте -0.1R, стоп 4302.0
GOLD-D55 внутри канала (4114-4697), цена 4144.3
GOLD-D10 в шорте +0.9R, стоп 4267.5
GOLD-D ADX 30✓ но внутри канала (4127-4224), цена 4138.5
SPX-RSI5 нет сигнала (RSI2 86, цена 7,723)
SPX-DIP5 нет сигнала (RSI2 86, цена 7,723)
SPX-TOM в лонге +0.5R, стоп 7,520
SPX-MR  закрытие на ближайшем открытии
LOTTO   тихо: горячих 37 (проверено 8), пробоев 30д нет

=== Сканер сетапов | 2026-10-05 11:04 (локальное) ===
ETH     внутри канала: пробой вверх > 2739.50 (+1.6%), вниз < 2678.00 (-0.7%) | цена 2696.70
ETH-VOL нет сигнала (цена 2,696.7)
ETH-MOM в лонге +0.0R, стоп 2,654.5
ETH-DONCH нет сигнала (цена 2,696.7)
BTCd-VOL в лонге +3.0R, стоп 79,085
BTCd-MOM в лонге +5.4R, стоп 79,085
BTCd-DONCH в лонге -0.0R, стоп 80,348
BTC-BOS нет сигнала (цена 85,233, ADX 30)
BTC-MOM в лонге +1.4R, стоп 84,503
BTC-DONCH в лонге -0.4R, стоп 84,503
GOLD-D20 в шорте -0.1R, стоп 4302.0
GOLD-D55 внутри канала (4114-4697), цена 4144.3
GOLD-D10 в шорте +0.9R, стоп 4267.5
GOLD-D ADX 30✓ но внутри канала (4127-4224), цена 4137.8
SPX-RSI5 нет сигнала (RSI2 86, цена 7,723)
SPX-DIP5 нет сигнала (RSI2 86, цена 7,723)
SPX-TOM в лонге +0.5R, стоп 7,520
SPX-MR  закрытие на ближайшем открытии
LOTTO   тихо: горячих 38 (проверено 8), пробоев 30д нет

=== Сканер сетапов | 2026-10-05 11:32 (локальное) ===
ETH     внутри канала: пробой вверх > 2739.50 (+1.6%), вниз < 2678.00 (-0.7%) | цена 2696.70
ETH-VOL нет сигнала (цена 2,696.7)
ETH-MOM в лонге +0.0R, стоп 2,654.5
ETH-DONCH нет сигнала (цена 2,696.7)
BTCd-VOL в лонге +3.0R, стоп 79,085
BTCd-MOM в лонге +5.4R, стоп 79,085
BTCd-DONCH в лонге -0.0R, стоп 80,348
BTC-BOS нет сигнала (цена 85,233, ADX 30)
BTC-MOM в лонге +1.4R, стоп 84,503
BTC-DONCH в лонге -0.4R, стоп 84,503
GOLD-D20 в шорте -0.1R, стоп 4302.0
GOLD-D55 внутри канала (4114-4697), цена 4144.3
GOLD-D10 в шорте +0.9R, стоп 4267.5
GOLD-D ADX 30✓ но внутри канала (4127-4224), цена 4137.8
SPX-RSI5 нет сигнала (RSI2 86, цена 7,723)
SPX-DIP5 нет сигнала (RSI2 86, цена 7,723)
SPX-TOM в лонге +0.5R, стоп 7,520
SPX-MR  закрытие на ближайшем открытии
LOTTO   тихо: горячих 37 (проверено 8), пробоев 30д нет

=== Сканер сетапов | 2026-10-05 12:00 (локальное) ===
ETH     внутри канала: пробой вверх > 2739.50 (+1.6%), вниз < 2678.00 (-0.7%) | цена 2695.70
ETH-VOL нет сигнала (цена 2,696.7)
ETH-MOM в лонге +0.0R, стоп 2,654.5
ETH-DONCH нет сигнала (цена 2,696.7)
BTCd-VOL в лонге +3.0R, стоп 79,085
BTCd-MOM в лонге +5.4R, стоп 79,085
BTCd-DONCH в лонге -0.0R, стоп 80,348
BTC-BOS нет сигнала (цена 85,233, ADX 30)
BTC-MOM в лонге +1.4R, стоп 84,503
BTC-DONCH в лонге -0.4R, стоп 84,503
GOLD-D20 в шорте -0.1R, стоп 4302.0
GOLD-D55 внутри канала (4114-4697), цена 4144.3
GOLD-D10 в шорте +0.9R, стоп 4267.5
GOLD-D ADX 30✓ но внутри канала (4126-4224), цена 4132.1
SPX-RSI5 нет сигнала (RSI2 86, цена 7,723)
SPX-DIP5 нет сигнала (RSI2 86, цена 7,723)
SPX-TOM в лонге +0.5R, стоп 7,520
SPX-MR  закрытие на ближайшем открытии
LOTTO   тихо: горячих 38 (проверено 8), пробоев 30д нет

=== Сканер сетапов | 2026-10-05 12:28 (локальное) ===
ETH     внутри канала: пробой вверх > 2739.50 (+1.6%), вниз < 2678.00 (-0.7%) | цена 2695.70
ETH-VOL нет сигнала (цена 2,696.7)
ETH-MOM в лонге +0.0R, стоп 2,654.5
ETH-DONCH нет сигнала (цена 2,696.7)
BTCd-VOL в лонге +3.0R, стоп 79,085
BTCd-MOM в лонге +5.4R, стоп 79,085
BTCd-DONCH в лонге -0.0R, стоп 80,348
BTC-BOS нет сигнала (цена 85,233, ADX 30)
BTC-MOM в лонге +1.4R, стоп 84,503
BTC-DONCH в лонге -0.4R, стоп 84,503
GOLD-D20 в шорте -0.1R, стоп 4302.0
GOLD-D55 внутри канала (4114-4697), цена 4144.3
GOLD-D10 в шорте +0.9R, стоп 4267.5
GOLD-D ADX 30✓ но внутри канала (4126-4224), цена 4131.5
SPX-RSI5 нет сигнала (RSI2 86, цена 7,723)
SPX-DIP5 нет сигнала (RSI2 86, цена 7,723)
SPX-TOM в лонге +0.5R, стоп 7,520
SPX-MR  закрытие на ближайшем открытии
LOTTO   тихо: горячих 38 (проверено 8), пробоев 30д нет

=== Сканер сетапов | 2026-10-05 12:56 (локальное) ===
ETH     внутри канала: пробой вверх > 2739.50 (+1.6%), вниз < 2678.00 (-0.7%) | цена 2695.70
ETH-VOL нет сигнала (цена 2,696.7)
ETH-MOM в лонге +0.0R, стоп 2,654.5
ETH-DONCH нет сигнала (цена 2,696.7)
BTCd-VOL в лонге +3.0R, стоп 79,085
BTCd-MOM в лонге +5.4R, стоп 79,085
BTCd-DONCH в лонге -0.0R, стоп 80,348
BTC-BOS нет сигнала (цена 85,233, ADX 30)
BTC-MOM в лонге +1.4R, стоп 84,503
BTC-DONCH в лонге -0.4R, стоп 84,503
GOLD-D20 в шорте -0.1R, стоп 4302.0
GOLD-D55 внутри канала (4114-4697), цена 4144.3
GOLD-D10 в шорте +0.9R, стоп 4267.5
GOLD-D ADX 30✓ но внутри канала (4126-4224), цена 4136.0
SPX-RSI5 нет сигнала (RSI2 86, цена 7,723)
SPX-DIP5 нет сигнала (RSI2 86, цена 7,723)
SPX-TOM в лонге +0.5R, стоп 7,520
SPX-MR  закрытие на ближайшем открытии
LOTTO   тихо: горячих 39 (проверено 8), пробоев 30д нет

=== Сканер сетапов | 2026-10-05 13:24 (локальное) ===
ETH     внутри канала: пробой вверх > 2739.50 (+1.3%), вниз < 2678.80 (-1.0%) | цена 2705.10
ETH-VOL нет сигнала (цена 2,696.7)
ETH-MOM в лонге +0.0R, стоп 2,654.5
ETH-DONCH нет сигнала (цена 2,696.7)
BTCd-VOL в лонге +3.0R, стоп 79,085
BTCd-MOM в лонге +5.4R, стоп 79,085
BTCd-DONCH в лонге -0.0R, стоп 80,348
BTC-BOS нет сигнала (цена 85,233, ADX 30)
BTC-MOM в лонге +1.4R, стоп 84,503
BTC-DONCH в лонге -0.4R, стоп 84,503
GOLD-D20 в шорте -0.1R, стоп 4302.0
GOLD-D55 внутри канала (4114-4697), цена 4144.3
GOLD-D10 в шорте +0.9R, стоп 4267.5
GOLD-D ADX 30✓ но внутри канала (4126-4224), цена 4135.9
SPX-RSI5 нет сигнала (RSI2 86, цена 7,723)
SPX-DIP5 нет сигнала (RSI2 86, цена 7,723)
SPX-TOM в лонге +0.5R, стоп 7,520
SPX-MR  закрытие на ближайшем открытии
LOTTO   тихо: горячих 39 (проверено 8), пробоев 30д нет

=== Сканер сетапов | 2026-10-05 13:52 (локальное) ===
ETH     внутри канала: пробой вверх > 2739.50 (+1.3%), вниз < 2678.80 (-1.0%) | цена 2705.10
ETH-VOL нет сигнала (цена 2,696.7)
ETH-MOM в лонге +0.0R, стоп 2,654.5
ETH-DONCH нет сигнала (цена 2,696.7)
BTCd-VOL в лонге +3.0R, стоп 79,085
BTCd-MOM в лонге +5.4R, стоп 79,085
BTCd-DONCH в лонге -0.0R, стоп 80,348
BTC-BOS нет сигнала (цена 85,233, ADX 30)
BTC-MOM в лонге +1.4R, стоп 84,503
BTC-DONCH в лонге -0.4R, стоп 84,503
GOLD-D20 в шорте -0.1R, стоп 4302.0
GOLD-D55 внутри канала (4114-4697), цена 4144.3
GOLD-D10 в шорте +0.9R, стоп 4267.5
GOLD-D ADX 30✓ но внутри канала (4126-4224), цена 4141.1
SPX-RSI5 нет сигнала (RSI2 86, цена 7,723)
SPX-DIP5 нет сигнала (RSI2 86, цена 7,723)
SPX-TOM в лонге +0.5R, стоп 7,520
SPX-MR  закрытие на ближайшем открытии
LOTTO   тихо: горячих 39 (проверено 8), пробоев 30д нет

=== Сканер сетапов | 2026-10-05 14:20 (локальное) ===
ETH     внутри канала: пробой вверх > 2739.50 (+1.1%), вниз < 2678.80 (-1.1%) | цена 2709.50
ETH-VOL нет сигнала (цена 2,696.7)
ETH-MOM в лонге +0.0R, стоп 2,654.5
ETH-DONCH нет сигнала (цена 2,696.7)
BTCd-VOL в лонге +3.0R, стоп 79,085
BTCd-MOM в лонге +5.4R, стоп 79,085
BTCd-DONCH в лонге -0.0R, стоп 80,348
BTC-BOS нет сигнала (цена 85,233, ADX 30)
BTC-MOM в лонге +1.4R, стоп 84,503
BTC-DONCH в лонге -0.4R, стоп 84,503
GOLD-D20 в шорте -0.1R, стоп 4302.0
GOLD-D55 внутри канала (4114-4697), цена 4144.3
GOLD-D10 в шорте +0.9R, стоп 4267.5
GOLD-D ADX 30✓ но внутри канала (4126-4224), цена 4142.0
SPX-RSI5 нет сигнала (RSI2 86, цена 7,723)
SPX-DIP5 нет сигнала (RSI2 86, цена 7,723)
SPX-TOM в лонге +0.5R, стоп 7,520
SPX-MR  закрытие на ближайшем открытии
LOTTO   тихо: горячих 39 (проверено 8), пробоев 30д нет

=== Сканер сетапов | 2026-10-05 17:07 (локальное) ===
ETH     внутри канала: пробой вверх > 2739.50 (+0.8%), вниз < 2678.80 (-1.5%) | цена 2718.30
ETH-VOL нет сигнала (цена 2,708.1)
ETH-MOM в лонге +0.3R, стоп 2,654.5
ETH-DONCH нет сигнала (цена 2,708.1)
BTCd-VOL в лонге +3.0R, стоп 79,085
BTCd-MOM в лонге +5.4R, стоп 79,085
BTCd-DONCH в лонге -0.0R, стоп 80,348
BTC-BOS нет сигнала (цена 85,699, ADX 27)
BTC-MOM в лонге +1.7R, стоп 84,503
BTC-DONCH в лонге -0.2R, стоп 84,503
GOLD-D20 в шорте -0.1R, стоп 4302.0
GOLD-D55 внутри канала (4114-4697), цена 4144.3
GOLD-D10 в шорте +0.9R, стоп 4267.5
GOLD-D ADX 31✓ но внутри канала (4126-4224), цена 4144.9
LOTTO   тихо: горячих 40 (проверено 8), пробоев 30д нет

=== Сканер сетапов | 2026-10-05 17:35 (локальное) ===
ETH     внутри канала: пробой вверх > 2739.50 (+0.8%), вниз < 2678.80 (-1.5%) | цена 2718.30
ETH-VOL нет сигнала (цена 2,708.1)
ETH-MOM в лонге +0.3R, стоп 2,654.5
ETH-DONCH нет сигнала (цена 2,708.1)
BTCd-VOL в лонге +3.0R, стоп 79,085
BTCd-MOM в лонге +5.4R, стоп 79,085
BTCd-DONCH в лонге -0.0R, стоп 80,348
BTC-BOS нет сигнала (цена 85,699, ADX 27)
BTC-MOM в лонге +1.7R, стоп 84,503
BTC-DONCH в лонге -0.2R, стоп 84,503
GOLD-D20 в шорте -0.1R, стоп 4302.0
GOLD-D55 внутри канала (4114-4697), цена 4144.3
GOLD-D10 в шорте +0.9R, стоп 4267.5
GOLD-D ADX 31✓ но внутри канала (4126-4224), цена 4144.7
LOTTO   тихо: горячих 40 (проверено 8), пробоев 30д нет

=== Сканер сетапов | 2026-10-05 18:03 (локальное) ===
ETH     внутри канала: пробой вверх > 2739.50 (+0.9%), вниз < 2678.80 (-1.4%) | цена 2715.70
ETH-VOL нет сигнала (цена 2,708.1)
ETH-MOM в лонге +0.3R, стоп 2,654.5
ETH-DONCH нет сигнала (цена 2,708.1)
BTCd-VOL в лонге +3.0R, стоп 79,085
BTCd-MOM в лонге +5.4R, стоп 79,085
BTCd-DONCH в лонге -0.0R, стоп 80,348
BTC-BOS нет сигнала (цена 85,699, ADX 27)
BTC-MOM в лонге +1.7R, стоп 84,503
BTC-DONCH в лонге -0.2R, стоп 84,503
GOLD-D20 в шорте -0.1R, стоп 4302.0
GOLD-D55 внутри канала (4114-4697), цена 4144.3
GOLD-D10 в шорте +0.9R, стоп 4267.5
GOLD-D ADX 31✓ но внутри канала (4126-4224), цена 4142.4
LOTTO   тихо: горячих 40 (проверено 8), пробоев 30д нет

=== Сканер сетапов | 2026-10-05 18:31 (локальное) ===
ETH     внутри канала: пробой вверх > 2739.50 (+0.9%), вниз < 2678.80 (-1.4%) | цена 2715.70
ETH-VOL нет сигнала (цена 2,708.1)
ETH-MOM в лонге +0.3R, стоп 2,654.5
ETH-DONCH нет сигнала (цена 2,708.1)
BTCd-VOL в лонге +3.0R, стоп 79,085
BTCd-MOM в лонге +5.4R, стоп 79,085
BTCd-DONCH в лонге -0.0R, стоп 80,348
BTC-BOS нет сигнала (цена 85,699, ADX 27)
BTC-MOM в лонге +1.7R, стоп 84,503
BTC-DONCH в лонге -0.2R, стоп 84,503
GOLD-D20 в шорте -0.1R, стоп 4302.0
GOLD-D55 внутри канала (4114-4697), цена 4144.3
GOLD-D10 в шорте +0.9R, стоп 4267.5
GOLD-D ADX 31✓ но внутри канала (4126-4224), цена 4138.8
LOTTO   тихо: горячих 39 (проверено 8), пробоев 30д нет

=== Сканер сетапов | 2026-10-05 19:00 (локальное) ===
ETH     внутри канала: пробой вверх > 2739.50 (+1.1%), вниз < 2678.80 (-1.2%) | цена 2710.10
ETH-VOL нет сигнала (цена 2,710.1)
ETH-MOM в лонге +0.3R, стоп 2,654.5
ETH-DONCH нет сигнала (цена 2,710.1)
BTCd-VOL в лонге +2.8R, стоп 79,085
BTCd-MOM в лонге +5.1R, стоп 79,085
BTCd-DONCH в лонге -0.1R, стоп 80,348
BTC-BOS нет сигнала (цена 85,738, ADX 26)
BTC-MOM в лонге +1.7R, стоп 84,503
BTC-DONCH в лонге -0.1R, стоп 84,503
GOLD-D20 в шорте -0.0R, стоп 4302.0
GOLD-D55 внутри канала (4114-4697), цена 4135.1
GOLD-D10 в шорте +0.9R, стоп 4267.5
GOLD-D ADX 31✓ но внутри канала (4126-4224), цена 4135.1
LOTTO   ICP: оборот 0.9x OI + пробой 30д максимума

=== Сканер сетапов | 2026-10-05 19:28 (локальное) ===
ETH     внутри канала: пробой вверх > 2739.50 (+1.1%), вниз < 2678.80 (-1.2%) | цена 2710.10
ETH-VOL нет сигнала (цена 2,710.1)
ETH-MOM в лонге +0.3R, стоп 2,654.5
ETH-DONCH нет сигнала (цена 2,710.1)
BTCd-VOL в лонге +2.8R, стоп 79,085
BTCd-MOM в лонге +5.1R, стоп 79,085
BTCd-DONCH в лонге -0.1R, стоп 80,348
BTC-BOS нет сигнала (цена 85,738, ADX 26)
BTC-MOM в лонге +1.7R, стоп 84,503
BTC-DONCH в лонге -0.1R, стоп 84,503
GOLD-D20 в шорте -0.0R, стоп 4302.0
GOLD-D55 внутри канала (4114-4697), цена 4135.1
GOLD-D10 в шорте +0.9R, стоп 4267.5
GOLD-D ADX 31✓ но внутри канала (4126-4224), цена 4135.1
LOTTO   тихо: горячих 38 (проверено 8), пробоев 30д нет

=== Сканер сетапов | 2026-10-05 19:56 (локальное) ===
ETH     внутри канала: пробой вверх > 2739.50 (+1.1%), вниз < 2678.80 (-1.2%) | цена 2710.10
ETH-VOL нет сигнала (цена 2,710.1)
ETH-MOM в лонге +0.3R, стоп 2,654.5
ETH-DONCH нет сигнала (цена 2,710.1)
BTCd-VOL в лонге +2.8R, стоп 79,085
BTCd-MOM в лонге +5.1R, стоп 79,085
BTCd-DONCH в лонге -0.1R, стоп 80,348
BTC-BOS нет сигнала (цена 85,738, ADX 26)
BTC-MOM в лонге +1.7R, стоп 84,503
BTC-DONCH в лонге -0.1R, стоп 84,503
GOLD-D20 в шорте -0.0R, стоп 4302.0
GOLD-D55 внутри канала (4114-4697), цена 4135.1
GOLD-D10 в шорте +0.9R, стоп 4267.5
GOLD-D ADX 31✓ но внутри канала (4126-4224), цена 4135.1
LOTTO   тихо: горячих 38 (проверено 8), пробоев 30д нет

=== Сканер сетапов | 2026-10-05 20:24 (локальное) ===
ETH     внутри канала: пробой вверх > 2739.50 (+0.8%), вниз < 2678.80 (-1.4%) | цена 2717.90
ETH-VOL нет сигнала (цена 2,710.1)
ETH-MOM в лонге +0.3R, стоп 2,654.5
ETH-DONCH нет сигнала (цена 2,710.1)
BTCd-VOL в лонге +2.8R, стоп 79,085
BTCd-MOM в лонге +5.1R, стоп 79,085
BTCd-DONCH в лонге -0.1R, стоп 80,348
BTC-BOS нет сигнала (цена 85,738, ADX 26)
BTC-MOM в лонге +1.7R, стоп 84,503
BTC-DONCH в лонге -0.1R, стоп 84,503
GOLD-D20 в шорте -0.0R, стоп 4302.0
GOLD-D55 внутри канала (4114-4697), цена 4135.1
GOLD-D10 в шорте +0.9R, стоп 4267.5
GOLD-D ADX 30✓ но внутри канала (4126-4170), цена 4141.3
LOTTO   тихо: горячих 38 (проверено 8), пробоев 30д нет

=== Сканер сетапов | 2026-10-05 20:52 (локальное) ===
ETH     внутри канала: пробой вверх > 2739.50 (+0.8%), вниз < 2678.80 (-1.4%) | цена 2717.90
ETH-VOL нет сигнала (цена 2,710.1)
ETH-MOM в лонге +0.3R, стоп 2,654.5
ETH-DONCH нет сигнала (цена 2,710.1)
BTCd-VOL в лонге +2.8R, стоп 79,085
BTCd-MOM в лонге +5.1R, стоп 79,085
BTCd-DONCH в лонге -0.1R, стоп 80,348
BTC-BOS нет сигнала (цена 85,738, ADX 26)
BTC-MOM в лонге +1.7R, стоп 84,503
BTC-DONCH в лонге -0.1R, стоп 84,503
GOLD-D20 в шорте -0.0R, стоп 4302.0
GOLD-D55 внутри канала (4114-4697), цена 4135.1
GOLD-D10 в шорте +0.9R, стоп 4267.5
GOLD-D ADX 30✓ но внутри канала (4126-4170), цена 4134.3
LOTTO   тихо: горячих 37 (проверено 8), пробоев 30д нет

=== Сканер сетапов | 2026-10-05 21:20 (локальное) ===
ETH     внутри канала: пробой вверх > 2739.50 (+1.2%), вниз < 2678.80 (-1.0%) | цена 2707.20
ETH-VOL нет сигнала (цена 2,710.1)
ETH-MOM в лонге +0.3R, стоп 2,654.5
ETH-DONCH нет сигнала (цена 2,710.1)
BTCd-VOL в лонге +2.8R, стоп 79,085
BTCd-MOM в лонге +5.1R, стоп 79,085
BTCd-DONCH в лонге -0.1R, стоп 80,348
BTC-BOS нет сигнала (цена 85,738, ADX 26)
BTC-MOM в лонге +1.7R, стоп 84,503
BTC-DONCH в лонге -0.1R, стоп 84,503
GOLD-D20 в шорте -0.0R, стоп 4302.0
GOLD-D55 внутри канала (4114-4697), цена 4135.1
GOLD-D10 в шорте +0.9R, стоп 4267.5
GOLD-D ADX 30✓ но внутри канала (4126-4170), цена 4131.3
LOTTO   тихо: горячих 37 (проверено 8), пробоев 30д нет

=== Сканер сетапов | 2026-10-05 21:24 (локальное) ===
ETH     внутри канала: пробой вверх > 2739.50 (+1.2%), вниз < 2678.80 (-1.0%) | цена 2707.20
ETH-VOL нет сигнала (цена 2,710.1)
ETH-MOM в лонге +0.3R, стоп 2,654.5
ETH-DONCH нет сигнала (цена 2,710.1)
BTCd-VOL в лонге +2.8R, стоп 79,085
BTCd-MOM в лонге +5.1R, стоп 79,085
BTCd-DONCH в лонге -0.1R, стоп 80,348
BTC-BOS нет сигнала (цена 85,738, ADX 26)
BTC-MOM в лонге +1.7R, стоп 84,503
BTC-DONCH в лонге -0.1R, стоп 84,503
GOLD-D20 в шорте -0.0R, стоп 4302.0
GOLD-D55 внутри канала (4114-4697), цена 4135.1
GOLD-D10 в шорте +0.9R, стоп 4267.5
GOLD-D ADX 30✓ но внутри канала (4126-4170), цена 4130.6
LOTTO   тихо: горячих 37 (проверено 8), пробоев 30д нет

=== Сканер сетапов | 2026-10-05 21:52 (локальное) ===
ETH     внутри канала: пробой вверх > 2739.50 (+1.2%), вниз < 2678.80 (-1.0%) | цена 2707.20
ETH-VOL нет сигнала (цена 2,710.1)
ETH-MOM в лонге +0.3R, стоп 2,654.5
ETH-DONCH нет сигнала (цена 2,710.1)
BTCd-VOL в лонге +2.8R, стоп 79,085
BTCd-MOM в лонге +5.1R, стоп 79,085
BTCd-DONCH в лонге -0.1R, стоп 80,348
BTC-BOS нет сигнала (цена 85,738, ADX 26)
BTC-MOM в лонге +1.7R, стоп 84,503
BTC-DONCH в лонге -0.1R, стоп 84,503
GOLD-D20 в шорте -0.0R, стоп 4302.0
GOLD-D55 внутри канала (4114-4697), цена 4135.1
GOLD-D10 в шорте +0.9R, стоп 4267.5
GOLD-D ADX 33✓ но внутри канала (4126-4170), цена 4135.7
LOTTO   тихо: горячих 36 (проверено 8), пробоев 30д нет

=== Сканер сетапов | 2026-10-05 22:20 (локальное) ===
ETH     внутри канала: пробой вверх > 2739.50 (+1.4%), вниз < 2678.80 (-0.8%) | цена 2701.60
ETH-VOL нет сигнала (цена 2,710.1)
ETH-MOM в лонге +0.3R, стоп 2,654.5
ETH-DONCH нет сигнала (цена 2,710.1)
BTCd-VOL в лонге +2.8R, стоп 79,085
BTCd-MOM в лонге +5.1R, стоп 79,085
BTCd-DONCH в лонге -0.1R, стоп 80,348
BTC-BOS нет сигнала (цена 85,738, ADX 26)
BTC-MOM в лонге +1.7R, стоп 84,503
BTC-DONCH в лонге -0.1R, стоп 84,503
GOLD-D20 в шорте -0.0R, стоп 4302.0
GOLD-D55 внутри канала (4114-4697), цена 4135.1
GOLD-D10 в шорте +0.9R, стоп 4267.5
GOLD-D ADX 33✓ но внутри канала (4126-4170), цена 4130.0
LOTTO   тихо: горячих 36 (проверено 8), пробоев 30д нет

=== Сканер сетапов | 2026-10-05 22:48 (локальное) ===
ETH     внутри канала: пробой вверх > 2739.50 (+1.4%), вниз < 2678.80 (-0.8%) | цена 2701.60
ETH-VOL нет сигнала (цена 2,710.1)
ETH-MOM в лонге +0.3R, стоп 2,654.5
ETH-DONCH нет сигнала (цена 2,710.1)
BTCd-VOL в лонге +2.8R, стоп 79,085
BTCd-MOM в лонге +5.1R, стоп 79,085
BTCd-DONCH в лонге -0.1R, стоп 80,348
BTC-BOS нет сигнала (цена 85,738, ADX 26)
BTC-MOM в лонге +1.7R, стоп 84,503
BTC-DONCH в лонге -0.1R, стоп 84,503
GOLD-D20 в шорте -0.0R, стоп 4302.0
GOLD-D55 внутри канала (4114-4697), цена 4135.1
GOLD-D10 в шорте +0.9R, стоп 4267.5
GOLD-D ADX 33✓ но внутри канала (4126-4170), цена 4132.3
LOTTO   тихо: горячих 36 (проверено 8), пробоев 30д нет

=== Сканер сетапов | 2026-10-05 23:16 (локальное) ===
ETH     внутри канала: пробой вверх > 2739.50 (+1.5%), вниз < 2678.80 (-0.7%) | цена 2698.80
ETH-VOL нет сигнала (цена 2,698.8)
ETH-MOM в лонге +0.1R, стоп 2,654.5
ETH-DONCH нет сигнала (цена 2,698.8)
BTCd-VOL в лонге +2.8R, стоп 79,085
BTCd-MOM в лонге +5.1R, стоп 79,085
BTCd-DONCH в лонге -0.1R, стоп 80,348
BTC-BOS нет сигнала (цена 85,490, ADX 23)
BTC-MOM в лонге +1.6R, стоп 84,503
BTC-DONCH в лонге -0.3R, стоп 84,503
GOLD-D20 в шорте -0.0R, стоп 4302.0
GOLD-D55 внутри канала (4114-4697), цена 4135.1
GOLD-D10 в шорте +0.9R, стоп 4267.5
GOLD-D ADX 33✓ но внутри канала (4126-4170), цена 4128.8
LOTTO   тихо: горячих 36 (проверено 8), пробоев 30д нет

=== Сканер сетапов | 2026-10-05 23:44 (локальное) ===
ETH     внутри канала: пробой вверх > 2739.50 (+1.5%), вниз < 2678.80 (-0.7%) | цена 2698.80
ETH-VOL нет сигнала (цена 2,698.8)
ETH-MOM в лонге +0.1R, стоп 2,654.5
ETH-DONCH нет сигнала (цена 2,698.8)
BTCd-VOL в лонге +2.8R, стоп 79,085
BTCd-MOM в лонге +5.1R, стоп 79,085
BTCd-DONCH в лонге -0.1R, стоп 80,348
BTC-BOS нет сигнала (цена 85,490, ADX 23)
BTC-MOM в лонге +1.6R, стоп 84,503
BTC-DONCH в лонге -0.3R, стоп 84,503
GOLD-D20 в шорте -0.0R, стоп 4302.0
GOLD-D55 внутри канала (4114-4697), цена 4135.1
GOLD-D10 в шорте +0.9R, стоп 4267.5
GOLD-D ADX 33✓ но внутри канала (4126-4170), цена 4128.8
LOTTO   тихо: горячих 36 (проверено 8), пробоев 30д нет

=== Сканер сетапов | 2026-10-06 00:12 (локальное) ===
ETH     внутри канала: пробой вверх > 2739.50 (+1.4%), вниз < 2678.80 (-0.9%) | цена 2702.30
ETH-VOL нет сигнала (цена 2,698.8)
ETH-MOM в лонге +0.1R, стоп 2,654.5
ETH-DONCH нет сигнала (цена 2,698.8)
BTCd-VOL в лонге +2.8R, стоп 79,085
BTCd-MOM в лонге +5.1R, стоп 79,085
BTCd-DONCH в лонге -0.1R, стоп 80,348
BTC-BOS нет сигнала (цена 85,490, ADX 23)
BTC-MOM в лонге +1.6R, стоп 84,503
BTC-DONCH в лонге -0.3R, стоп 84,503
GOLD-D20 в шорте -0.0R, стоп 4302.0
GOLD-D55 внутри канала (4114-4697), цена 4135.1
GOLD-D10 в шорте +0.9R, стоп 4267.5
GOLD-D ADX 35✓ но внутри канала (4109-4170), цена 4123.0
LOTTO   тихо: горячих 36 (проверено 8), пробоев 30д нет

=== Сканер сетапов | 2026-10-06 00:41 (локальное) ===
ETH     внутри канала: пробой вверх > 2739.50 (+1.4%), вниз < 2678.80 (-0.9%) | цена 2702.30
ETH-VOL нет сигнала (цена 2,698.8)
ETH-MOM в лонге +0.1R, стоп 2,654.5
ETH-DONCH нет сигнала (цена 2,698.8)
BTCd-VOL в лонге +2.8R, стоп 79,085
BTCd-MOM в лонге +5.1R, стоп 79,085
BTCd-DONCH в лонге -0.1R, стоп 80,348
BTC-BOS нет сигнала (цена 85,490, ADX 23)
BTC-MOM в лонге +1.6R, стоп 84,503
BTC-DONCH в лонге -0.3R, стоп 84,503
GOLD-D20 в шорте -0.0R, стоп 4302.0
GOLD-D55 внутри канала (4114-4697), цена 4135.1
GOLD-D10 в шорте +0.9R, стоп 4267.5
GOLD-D ADX 35✓ но внутри канала (4109-4170), цена 4123.9
LOTTO   тихо: горячих 36 (проверено 8), пробоев 30д нет

=== Сканер сетапов | 2026-10-06 01:09 (локальное) ===
ETH     внутри канала: пробой вверх > 2739.50 (+1.5%), вниз < 2678.80 (-0.7%) | цена 2699.00
ETH-VOL нет сигнала (цена 2,698.8)
ETH-MOM в лонге +0.1R, стоп 2,654.5
ETH-DONCH нет сигнала (цена 2,698.8)
BTCd-VOL в лонге +2.8R, стоп 79,085
BTCd-MOM в лонге +5.1R, стоп 79,085
BTCd-DONCH в лонге -0.1R, стоп 80,348
BTC-BOS нет сигнала (цена 85,490, ADX 23)
BTC-MOM в лонге +1.6R, стоп 84,503
BTC-DONCH в лонге -0.3R, стоп 84,503
GOLD-D20 в шорте -0.0R, стоп 4302.0
GOLD-D55 внутри канала (4114-4697), цена 4135.1
GOLD-D10 в шорте +0.9R, стоп 4267.5
GOLD-D ADX 35✓ но внутри канала (4109-4170), цена 4119.9
LOTTO   тихо: горячих 35 (проверено 8), пробоев 30д нет

=== Сканер сетапов | 2026-10-06 01:37 (локальное) ===
ETH     внутри канала: пробой вверх > 2739.50 (+1.5%), вниз < 2678.80 (-0.7%) | цена 2699.00
ETH-VOL нет сигнала (цена 2,698.8)
ETH-MOM в лонге +0.1R, стоп 2,654.5
ETH-DONCH нет сигнала (цена 2,698.8)
BTCd-VOL в лонге +2.8R, стоп 79,085
BTCd-MOM в лонге +5.1R, стоп 79,085
BTCd-DONCH в лонге -0.1R, стоп 80,348
BTC-BOS нет сигнала (цена 85,490, ADX 23)
BTC-MOM в лонге +1.6R, стоп 84,503
BTC-DONCH в лонге -0.3R, стоп 84,503
GOLD-D20 в шорте -0.0R, стоп 4302.0
GOLD-D55 внутри канала (4114-4697), цена 4135.1
GOLD-D10 в шорте +0.9R, стоп 4267.5
GOLD-D ADX 35✓ но внутри канала (4109-4170), цена 4131.2
LOTTO   тихо: горячих 35 (проверено 8), пробоев 30д нет

=== Сканер сетапов | 2026-10-06 04:14 (локальное) ===
ETH     внутри канала: пробой вверх > 2739.50 (+0.9%), вниз < 2678.80 (-1.4%) | цена 2715.70
ETH-VOL нет сигнала (цена 2,706.8)
ETH-MOM в лонге +0.2R, стоп 2,654.5
ETH-DONCH нет сигнала (цена 2,706.8)
BTCd-VOL в лонге +2.8R, стоп 79,085
BTCd-MOM в лонге +5.1R, стоп 79,085
BTCd-DONCH в лонге -0.1R, стоп 80,348
BTC-BOS нет сигнала (цена 85,538, ADX 21)
BTC-MOM в лонге +1.6R, стоп 84,503
BTC-DONCH в лонге -0.2R, стоп 84,503
GOLD-D20 в шорте -0.0R, стоп 4302.0
GOLD-D55 внутри канала (4114-4697), цена 4135.1
GOLD-D10 в шорте +0.9R, стоп 4267.5
GOLD-D ADX 35✓ но внутри канала (4109-4170), цена 4151.6
LOTTO   тихо: горячих 35 (проверено 8), пробоев 30д нет

=== Сканер сетапов | 2026-10-06 04:42 (локальное) ===
ETH     внутри канала: пробой вверх > 2739.50 (+0.9%), вниз < 2678.80 (-1.4%) | цена 2715.70
ETH-VOL нет сигнала (цена 2,706.8)
ETH-MOM в лонге +0.2R, стоп 2,654.5
ETH-DONCH нет сигнала (цена 2,706.8)
BTCd-VOL в лонге +2.8R, стоп 79,085
BTCd-MOM в лонге +5.1R, стоп 79,085
BTCd-DONCH в лонге -0.1R, стоп 80,348
BTC-BOS нет сигнала (цена 85,538, ADX 21)
BTC-MOM в лонге +1.6R, стоп 84,503
BTC-DONCH в лонге -0.2R, стоп 84,503
GOLD-D20 в шорте -0.0R, стоп 4302.0
GOLD-D55 внутри канала (4114-4697), цена 4135.1
GOLD-D10 в шорте +0.9R, стоп 4267.5
GOLD-D ADX 34✓ но внутри канала (4109-4170), цена 4154.8
LOTTO   тихо: горячих 34 (проверено 8), пробоев 30д нет

=== Сканер сетапов | 2026-10-06 05:10 (локальное) ===
ETH     внутри канала: пробой вверх > 2739.50 (+1.1%), вниз < 2678.80 (-1.1%) | цена 2709.40
ETH-VOL нет сигнала (цена 2,706.8)
ETH-MOM в лонге +0.2R, стоп 2,654.5
ETH-DONCH нет сигнала (цена 2,706.8)
BTCd-VOL в лонге +2.8R, стоп 79,085
BTCd-MOM в лонге +5.1R, стоп 79,085
BTCd-DONCH в лонге -0.1R, стоп 80,348
BTC-BOS нет сигнала (цена 85,538, ADX 21)
BTC-MOM в лонге +1.6R, стоп 84,503
BTC-DONCH в лонге -0.2R, стоп 84,503
GOLD-D20 в шорте -0.0R, стоп 4302.0
GOLD-D55 внутри канала (4114-4697), цена 4135.1
GOLD-D10 в шорте +0.9R, стоп 4267.5
GOLD-D ADX 34✓ но внутри канала (4109-4170), цена 4151.4
LOTTO   тихо: горячих 34 (проверено 8), пробоев 30д нет

=== Сканер сетапов | 2026-10-06 05:38 (локальное) ===
ETH     внутри канала: пробой вверх > 2739.50 (+1.1%), вниз < 2678.80 (-1.1%) | цена 2709.40
ETH-VOL нет сигнала (цена 2,706.8)
ETH-MOM в лонге +0.2R, стоп 2,654.5
ETH-DONCH нет сигнала (цена 2,706.8)
BTCd-VOL в лонге +2.8R, стоп 79,085
BTCd-MOM в лонге +5.1R, стоп 79,085
BTCd-DONCH в лонге -0.1R, стоп 80,348
BTC-BOS нет сигнала (цена 85,538, ADX 21)
BTC-MOM в лонге +1.6R, стоп 84,503
BTC-DONCH в лонге -0.2R, стоп 84,503
GOLD-D20 в шорте -0.0R, стоп 4302.0
GOLD-D55 внутри канала (4114-4697), цена 4135.1
GOLD-D10 в шорте +0.9R, стоп 4267.5
GOLD-D ADX 34✓ но внутри канала (4109-4170), цена 4158.6
LOTTO   тихо: горячих 34 (проверено 8), пробоев 30д нет

=== Сканер сетапов | 2026-10-06 06:06 (локальное) ===
ETH     внутри канала: пробой вверх > 2739.50 (+1.0%), вниз < 2678.80 (-1.3%) | цена 2713.00
ETH-VOL нет сигнала (цена 2,706.8)
ETH-MOM в лонге +0.2R, стоп 2,654.5
ETH-DONCH нет сигнала (цена 2,706.8)
BTCd-VOL в лонге +2.8R, стоп 79,085
BTCd-MOM в лонге +5.1R, стоп 79,085
BTCd-DONCH в лонге -0.1R, стоп 80,348
BTC-BOS нет сигнала (цена 85,538, ADX 21)
BTC-MOM в лонге +1.6R, стоп 84,503
BTC-DONCH в лонге -0.2R, стоп 84,503
GOLD-D20 в шорте -0.0R, стоп 4302.0
GOLD-D55 внутри канала (4114-4697), цена 4135.1
GOLD-D10 в шорте +0.9R, стоп 4267.5
GOLD-D ADX 34✓ но внутри канала (4109-4170), цена 4156.8
LOTTO   тихо: горячих 33 (проверено 8), пробоев 30д нет

=== Сканер сетапов | 2026-10-06 06:34 (локальное) ===
ETH     внутри канала: пробой вверх > 2739.50 (+1.0%), вниз < 2678.80 (-1.3%) | цена 2713.00
ETH-VOL нет сигнала (цена 2,706.8)
ETH-MOM в лонге +0.2R, стоп 2,654.5
ETH-DONCH нет сигнала (цена 2,706.8)
BTCd-VOL в лонге +2.8R, стоп 79,085
BTCd-MOM в лонге +5.1R, стоп 79,085
BTCd-DONCH в лонге -0.1R, стоп 80,348
BTC-BOS нет сигнала (цена 85,538, ADX 21)
BTC-MOM в лонге +1.6R, стоп 84,503
BTC-DONCH в лонге -0.2R, стоп 84,503
GOLD-D20 в шорте -0.0R, стоп 4302.0
GOLD-D55 внутри канала (4114-4697), цена 4135.1
GOLD-D10 в шорте +0.9R, стоп 4267.5
GOLD-D ADX 33✓ но внутри канала (4109-4170), цена 4169.1
LOTTO   тихо: горячих 33 (проверено 8), пробоев 30д нет

=== Сканер сетапов | 2026-10-06 07:02 (локальное) ===
ETH     внутри канала: пробой вверх > 2739.50 (+0.9%), вниз < 2678.80 (-1.3%) | цена 2714.00
ETH-VOL нет сигнала (цена 2,714.0)
ETH-MOM в лонге +0.4R, стоп 2,654.5
ETH-DONCH нет сигнала (цена 2,714.0)
BTCd-VOL в лонге +2.8R, стоп 79,085
BTCd-MOM в лонге +5.1R, стоп 79,085
BTCd-DONCH в лонге -0.1R, стоп 80,348
BTC-BOS нет сигнала (цена 86,244, ADX 20)
BTC-MOM в лонге +2.0R, стоп 84,503
BTC-DONCH в лонге +0.1R, стоп 84,503
GOLD-D20 в шорте -0.0R, стоп 4302.0
GOLD-D55 внутри канала (4114-4697), цена 4135.1
GOLD-D10 в шорте +0.9R, стоп 4267.5
GOLD-D >>> ЛОНГ вход ~4172.4 (ADX 32)
LOTTO   тихо: горячих 33 (проверено 8), пробоев 30д нет

=== Сканер сетапов | 2026-10-06 07:30 (локальное) ===
ETH     внутри канала: пробой вверх > 2739.50 (+0.9%), вниз < 2678.80 (-1.3%) | цена 2714.00
ETH-VOL нет сигнала (цена 2,714.0)
ETH-MOM в лонге +0.4R, стоп 2,654.5
ETH-DONCH нет сигнала (цена 2,714.0)
BTCd-VOL в лонге +2.8R, стоп 79,085
BTCd-MOM в лонге +5.1R, стоп 79,085
BTCd-DONCH в лонге -0.1R, стоп 80,348
BTC-BOS нет сигнала (цена 86,244, ADX 20)
BTC-MOM в лонге +2.0R, стоп 84,503
BTC-DONCH в лонге +0.1R, стоп 84,503
GOLD-D20 в шорте -0.0R, стоп 4302.0
GOLD-D55 внутри канала (4114-4697), цена 4135.1
GOLD-D10 в шорте +0.9R, стоп 4267.5
GOLD-D в лонге +0.0R, стоп 4118.7
SPX-RSI5 нет сигнала (RSI2 86, цена 7,723)
SPX-DIP5 нет сигнала (RSI2 86, цена 7,723)
SPX-TOM в лонге +0.5R, стоп 7,520
SPX-MR  сделка закрыта +0.54R
LOTTO   тихо: горячих 33 (проверено 8), пробоев 30д нет

=== Сканер сетапов | 2026-10-06 07:59 (локальное) ===
ETH     внутри канала: пробой вверх > 2739.50 (+0.9%), вниз < 2678.80 (-1.3%) | цена 2714.00
ETH-VOL нет сигнала (цена 2,714.0)
ETH-MOM в лонге +0.4R, стоп 2,654.5
ETH-DONCH нет сигнала (цена 2,714.0)
BTCd-VOL в лонге +2.8R, стоп 79,085
BTCd-MOM в лонге +5.1R, стоп 79,085
BTCd-DONCH в лонге -0.1R, стоп 80,348
BTC-BOS нет сигнала (цена 86,244, ADX 20)
BTC-MOM в лонге +2.0R, стоп 84,503
BTC-DONCH в лонге +0.1R, стоп 84,503
GOLD-D20 в шорте -0.0R, стоп 4302.0
GOLD-D55 внутри канала (4114-4697), цена 4135.1
GOLD-D10 в шорте +0.9R, стоп 4267.5
GOLD-D в лонге +0.0R, стоп 4118.7
SPX-RSI5 нет сигнала (RSI2 86, цена 7,723)
SPX-DIP5 нет сигнала (RSI2 86, цена 7,723)
SPX-TOM в лонге +0.5R, стоп 7,520
SPX-MR  нет сигнала: IBS 0.76 (<0.2), RSI2 94 (<10), выше MA200
LOTTO   тихо: горячих 33 (проверено 8), пробоев 30д нет

=== Сканер сетапов | 2026-10-06 08:27 (локальное) ===
ETH     внутри канала: пробой вверх > 2739.50 (+0.9%), вниз < 2678.80 (-1.4%) | цена 2715.50
ETH-VOL нет сигнала (цена 2,714.0)
ETH-MOM в лонге +0.4R, стоп 2,654.5
ETH-DONCH нет сигнала (цена 2,714.0)
BTCd-VOL в лонге +2.8R, стоп 79,085
BTCd-MOM в лонге +5.1R, стоп 79,085
BTCd-DONCH в лонге -0.1R, стоп 80,348
BTC-BOS нет сигнала (цена 86,244, ADX 20)
BTC-MOM в лонге +2.0R, стоп 84,503
BTC-DONCH в лонге +0.1R, стоп 84,503
GOLD-D20 в шорте -0.0R, стоп 4302.0
GOLD-D55 внутри канала (4114-4697), цена 4135.1
GOLD-D10 в шорте +0.9R, стоп 4267.5
GOLD-D в лонге -0.2R, стоп 4118.7
SPX-RSI5 нет сигнала (RSI2 86, цена 7,723)
SPX-DIP5 нет сигнала (RSI2 86, цена 7,723)
SPX-TOM в лонге +0.5R, стоп 7,520
SPX-MR  нет сигнала: IBS 0.76 (<0.2), RSI2 94 (<10), выше MA200
LOTTO   тихо: горячих 33 (проверено 8), пробоев 30д нет

=== Сканер сетапов | 2026-10-06 11:08 (локальное) ===
ETH     внутри канала: пробой вверх > 2739.50 (+1.4%), вниз < 2678.80 (-0.8%) | цена 2700.50
ETH-VOL нет сигнала (цена 2,700.5)
ETH-MOM в лонге +0.1R, стоп 2,654.5
ETH-DONCH нет сигнала (цена 2,700.5)
BTCd-VOL в лонге +2.8R, стоп 79,085
BTCd-MOM в лонге +5.1R, стоп 79,085
BTCd-DONCH в лонге -0.1R, стоп 80,348
BTC-BOS нет сигнала (цена 85,692, ADX 20)
BTC-MOM в лонге +1.7R, стоп 84,503
BTC-DONCH в лонге -0.2R, стоп 84,503
GOLD-D20 в шорте -0.0R, стоп 4302.0
GOLD-D55 внутри канала (4114-4697), цена 4135.1
GOLD-D10 в шорте +0.9R, стоп 4267.5
GOLD-D в лонге -0.2R, стоп 4118.7
SPX-RSI5 нет сигнала (RSI2 94, цена 7,774)
SPX-DIP5 нет сигнала (RSI2 94, цена 7,774)
SPX-TOM закрыт (тайм-стоп 5д): +0.93R
SPX-MR  нет сигнала: IBS 0.76 (<0.2), RSI2 94 (<10), выше MA200
LOTTO   тихо: горячих 31 (проверено 8), пробоев 30д нет

=== Сканер сетапов | 2026-10-06 11:36 (локальное) ===
ETH     внутри канала: пробой вверх > 2739.50 (+1.4%), вниз < 2678.80 (-0.8%) | цена 2700.50
ETH-VOL нет сигнала (цена 2,700.5)
ETH-MOM в лонге +0.1R, стоп 2,654.5
ETH-DONCH нет сигнала (цена 2,700.5)
BTCd-VOL в лонге +2.8R, стоп 79,085
BTCd-MOM в лонге +5.1R, стоп 79,085
BTCd-DONCH в лонге -0.1R, стоп 80,348
BTC-BOS нет сигнала (цена 85,692, ADX 20)
BTC-MOM в лонге +1.7R, стоп 84,503
BTC-DONCH в лонге -0.2R, стоп 84,503
GOLD-D20 в шорте -0.0R, стоп 4302.0
GOLD-D55 внутри канала (4114-4697), цена 4135.1
GOLD-D10 в шорте +0.9R, стоп 4267.5
GOLD-D в лонге -0.2R, стоп 4118.7
SPX-RSI5 нет сигнала (RSI2 94, цена 7,774)
SPX-DIP5 нет сигнала (RSI2 94, цена 7,774)
SPX-TOM нет сигнала (RSI2 94, цена 7,774)
SPX-MR  нет сигнала: IBS 0.76 (<0.2), RSI2 94 (<10), выше MA200
LOTTO   тихо: горячих 31 (проверено 8), пробоев 30д нет

=== Сканер сетапов | 2026-10-06 12:04 (локальное) ===
ETH     внутри канала: пробой вверх > 2739.50 (+1.7%), вниз < 2678.80 (-0.6%) | цена 2695.00
ETH-VOL нет сигнала (цена 2,700.5)
ETH-MOM в лонге +0.1R, стоп 2,654.5
ETH-DONCH нет сигнала (цена 2,700.5)
BTCd-VOL в лонге +2.8R, стоп 79,085
BTCd-MOM в лонге +5.1R, стоп 79,085
BTCd-DONCH в лонге -0.1R, стоп 80,348
BTC-BOS нет сигнала (цена 85,692, ADX 20)
BTC-MOM в лонге +1.7R, стоп 84,503
BTC-DONCH в лонге -0.2R, стоп 84,503
GOLD-D20 в шорте -0.0R, стоп 4302.0
GOLD-D55 внутри канала (4114-4697), цена 4135.1
GOLD-D10 в шорте +0.9R, стоп 4267.5
GOLD-D в лонге -0.3R, стоп 4118.7
SPX-RSI5 нет сигнала (RSI2 94, цена 7,774)
SPX-DIP5 нет сигнала (RSI2 94, цена 7,774)
SPX-TOM нет сигнала (RSI2 94, цена 7,774)
SPX-MR  нет сигнала: IBS 0.76 (<0.2), RSI2 94 (<10), выше MA200
LOTTO   тихо: горячих 32 (проверено 8), пробоев 30д нет

=== Сканер сетапов | 2026-10-06 12:32 (локальное) ===
ETH     внутри канала: пробой вверх > 2739.50 (+1.7%), вниз < 2678.80 (-0.6%) | цена 2695.00
ETH-VOL нет сигнала (цена 2,700.5)
ETH-MOM в лонге +0.1R, стоп 2,654.5
ETH-DONCH нет сигнала (цена 2,700.5)
BTCd-VOL в лонге +2.8R, стоп 79,085
BTCd-MOM в лонге +5.1R, стоп 79,085
BTCd-DONCH в лонге -0.1R, стоп 80,348
BTC-BOS нет сигнала (цена 85,692, ADX 20)
BTC-MOM в лонге +1.7R, стоп 84,503
BTC-DONCH в лонге -0.2R, стоп 84,503
GOLD-D20 в шорте -0.0R, стоп 4302.0
GOLD-D55 внутри канала (4114-4697), цена 4135.1
GOLD-D10 в шорте +0.9R, стоп 4267.5
GOLD-D в лонге -0.2R, стоп 4118.7
SPX-RSI5 нет сигнала (RSI2 94, цена 7,774)
SPX-DIP5 нет сигнала (RSI2 94, цена 7,774)
SPX-TOM нет сигнала (RSI2 94, цена 7,774)
SPX-MR  нет сигнала: IBS 0.76 (<0.2), RSI2 94 (<10), выше MA200
LOTTO   тихо: горячих 34 (проверено 8), пробоев 30д нет

=== Сканер сетапов | 2026-10-06 13:00 (локальное) ===
ETH     внутри канала: пробой вверх > 2739.50 (+1.5%), вниз < 2678.80 (-0.7%) | цена 2699.00
ETH-VOL нет сигнала (цена 2,700.5)
ETH-MOM в лонге +0.1R, стоп 2,654.5
ETH-DONCH нет сигнала (цена 2,700.5)
BTCd-VOL в лонге +2.8R, стоп 79,085
BTCd-MOM в лонге +5.1R, стоп 79,085
BTCd-DONCH в лонге -0.1R, стоп 80,348
BTC-BOS нет сигнала (цена 85,692, ADX 20)
BTC-MOM в лонге +1.7R, стоп 84,503
BTC-DONCH в лонге -0.2R, стоп 84,503
GOLD-D20 в шорте -0.0R, стоп 4302.0
GOLD-D55 внутри канала (4114-4697), цена 4135.1
GOLD-D10 в шорте +0.9R, стоп 4267.5
GOLD-D в лонге -0.2R, стоп 4118.7
SPX-RSI5 нет сигнала (RSI2 94, цена 7,774)
SPX-DIP5 нет сигнала (RSI2 94, цена 7,774)
SPX-TOM нет сигнала (RSI2 94, цена 7,774)
SPX-MR  нет сигнала: IBS 0.76 (<0.2), RSI2 94 (<10), выше MA200
LOTTO   тихо: горячих 34 (проверено 8), пробоев 30д нет

=== Сканер сетапов | 2026-10-06 13:28 (локальное) ===
ETH     внутри канала: пробой вверх > 2739.50 (+1.5%), вниз < 2678.80 (-0.7%) | цена 2699.00
ETH-VOL нет сигнала (цена 2,700.5)
ETH-MOM в лонге +0.1R, стоп 2,654.5
ETH-DONCH нет сигнала (цена 2,700.5)
BTCd-VOL в лонге +2.8R, стоп 79,085
BTCd-MOM в лонге +5.1R, стоп 79,085
BTCd-DONCH в лонге -0.1R, стоп 80,348
BTC-BOS нет сигнала (цена 85,692, ADX 20)
BTC-MOM в лонге +1.7R, стоп 84,503
BTC-DONCH в лонге -0.2R, стоп 84,503
GOLD-D20 в шорте -0.0R, стоп 4302.0
GOLD-D55 внутри канала (4114-4697), цена 4135.1
GOLD-D10 в шорте +0.9R, стоп 4267.5
GOLD-D в лонге -0.1R, стоп 4118.7
SPX-RSI5 нет сигнала (RSI2 94, цена 7,774)
SPX-DIP5 нет сигнала (RSI2 94, цена 7,774)
SPX-TOM нет сигнала (RSI2 94, цена 7,774)
SPX-MR  нет сигнала: IBS 0.76 (<0.2), RSI2 94 (<10), выше MA200
LOTTO   тихо: горячих 34 (проверено 8), пробоев 30д нет

=== Сканер сетапов | 2026-10-06 13:56 (локальное) ===
ETH     внутри канала: пробой вверх > 2739.50 (+1.5%), вниз < 2678.80 (-0.7%) | цена 2699.00
ETH-VOL нет сигнала (цена 2,700.5)
ETH-MOM в лонге +0.1R, стоп 2,654.5
ETH-DONCH нет сигнала (цена 2,700.5)
BTCd-VOL в лонге +2.8R, стоп 79,085
BTCd-MOM в лонге +5.1R, стоп 79,085
BTCd-DONCH в лонге -0.1R, стоп 80,348
BTC-BOS нет сигнала (цена 85,692, ADX 20)
BTC-MOM в лонге +1.7R, стоп 84,503
BTC-DONCH в лонге -0.2R, стоп 84,503
GOLD-D20 в шорте -0.0R, стоп 4302.0
GOLD-D55 внутри канала (4114-4697), цена 4135.1
GOLD-D10 в шорте +0.9R, стоп 4267.5
GOLD-D в лонге +0.0R, стоп 4118.9
SPX-RSI5 нет сигнала (RSI2 94, цена 7,774)
SPX-DIP5 нет сигнала (RSI2 94, цена 7,774)
SPX-TOM нет сигнала (RSI2 94, цена 7,774)
SPX-MR  нет сигнала: IBS 0.76 (<0.2), RSI2 94 (<10), выше MA200
LOTTO   тихо: горячих 33 (проверено 8), пробоев 30д нет

=== Сканер сетапов | 2026-10-06 14:24 (локальное) ===
ETH     внутри канала: пробой вверх > 2739.50 (+1.8%), вниз < 2678.80 (-0.4%) | цена 2689.80
ETH-VOL нет сигнала (цена 2,700.5)
ETH-MOM в лонге +0.1R, стоп 2,654.5
ETH-DONCH нет сигнала (цена 2,700.5)
BTCd-VOL в лонге +2.8R, стоп 79,085
BTCd-MOM в лонге +5.1R, стоп 79,085
BTCd-DONCH в лонге -0.1R, стоп 80,348
BTC-BOS нет сигнала (цена 85,692, ADX 20)
BTC-MOM в лонге +1.7R, стоп 84,503
BTC-DONCH в лонге -0.2R, стоп 84,503
GOLD-D20 в шорте -0.0R, стоп 4302.0
GOLD-D55 внутри канала (4114-4697), цена 4135.1
GOLD-D10 в шорте +0.9R, стоп 4267.5
GOLD-D в лонге +0.0R, стоп 4118.9
SPX-RSI5 нет сигнала (RSI2 94, цена 7,774)
SPX-DIP5 нет сигнала (RSI2 94, цена 7,774)
SPX-TOM нет сигнала (RSI2 94, цена 7,774)
SPX-MR  нет сигнала: IBS 0.76 (<0.2), RSI2 94 (<10), выше MA200
LOTTO   тихо: горячих 33 (проверено 8), пробоев 30д нет

=== Сканер сетапов | 2026-10-06 14:52 (локальное) ===
ETH     внутри канала: пробой вверх > 2739.50 (+1.8%), вниз < 2678.80 (-0.4%) | цена 2689.80
ETH-VOL нет сигнала (цена 2,700.5)
ETH-MOM в лонге +0.1R, стоп 2,654.5
ETH-DONCH нет сигнала (цена 2,700.5)
BTCd-VOL в лонге +2.8R, стоп 79,085
BTCd-MOM в лонге +5.1R, стоп 79,085
BTCd-DONCH в лонге -0.1R, стоп 80,348
BTC-BOS нет сигнала (цена 85,692, ADX 20)
BTC-MOM в лонге +1.7R, стоп 84,503
BTC-DONCH в лонге -0.2R, стоп 84,503
GOLD-D20 в шорте -0.0R, стоп 4302.0
GOLD-D55 внутри канала (4114-4697), цена 4135.1
GOLD-D10 в шорте +0.9R, стоп 4267.5
GOLD-D в лонге -0.1R, стоп 4118.9
SPX-RSI5 нет сигнала (RSI2 94, цена 7,774)
SPX-DIP5 нет сигнала (RSI2 94, цена 7,774)
SPX-TOM нет сигнала (RSI2 94, цена 7,774)
SPX-MR  нет сигнала: IBS 0.76 (<0.2), RSI2 94 (<10), выше MA200
LOTTO   тихо: горячих 34 (проверено 8), пробоев 30д нет

=== Сканер сетапов | 2026-10-06 15:21 (локальное) ===
ETH     внутри канала: пробой вверх > 2739.50 (+1.8%), вниз < 2678.80 (-0.5%) | цена 2691.70
ETH-VOL нет сигнала (цена 2,691.7)
ETH-MOM в лонге -0.0R, стоп 2,654.5
ETH-DONCH нет сигнала (цена 2,691.7)
BTCd-VOL в лонге +2.8R, стоп 79,085
BTCd-MOM в лонге +5.1R, стоп 79,085
BTCd-DONCH в лонге -0.1R, стоп 80,348
BTC-BOS нет сигнала (цена 85,616, ADX 19)
BTC-MOM в лонге +1.6R, стоп 84,503
BTC-DONCH в лонге -0.2R, стоп 84,503
GOLD-D20 в шорте -0.0R, стоп 4302.0
GOLD-D55 внутри канала (4114-4697), цена 4135.1
GOLD-D10 в шорте +0.9R, стоп 4267.5
GOLD-D в лонге -0.1R, стоп 4118.9
LOTTO   тихо: горячих 34 (проверено 8), пробоев 30д нет

=== Сканер сетапов | 2026-10-06 16:07 (локальное) ===
ETH     внутри канала: пробой вверх > 2739.50 (+1.5%), вниз < 2678.80 (-0.7%) | цена 2697.90
ETH-VOL нет сигнала (цена 2,691.7)
ETH-MOM в лонге -0.0R, стоп 2,654.5
ETH-DONCH нет сигнала (цена 2,691.7)
BTCd-VOL в лонге +2.8R, стоп 79,085
BTCd-MOM в лонге +5.1R, стоп 79,085
BTCd-DONCH в лонге -0.1R, стоп 80,348
BTC-BOS нет сигнала (цена 85,616, ADX 19)
BTC-MOM в лонге +1.6R, стоп 84,503
BTC-DONCH в лонге -0.2R, стоп 84,503
GOLD-D20 в шорте -0.0R, стоп 4302.0
GOLD-D55 внутри канала (4114-4697), цена 4135.1
GOLD-D10 в шорте +0.9R, стоп 4267.5
GOLD-D в лонге -0.2R, стоп 4118.9
LOTTO   тихо: горячих 33 (проверено 8), пробоев 30д нет

=== Сканер сетапов | 2026-10-06 16:35 (локальное) ===
ETH     внутри канала: пробой вверх > 2739.50 (+1.5%), вниз < 2678.80 (-0.7%) | цена 2697.90
ETH-VOL нет сигнала (цена 2,691.7)
ETH-MOM в лонге -0.0R, стоп 2,654.5
ETH-DONCH нет сигнала (цена 2,691.7)
BTCd-VOL в лонге +2.8R, стоп 79,085
BTCd-MOM в лонге +5.1R, стоп 79,085
BTCd-DONCH в лонге -0.1R, стоп 80,348
BTC-BOS нет сигнала (цена 85,616, ADX 19)
BTC-MOM в лонге +1.6R, стоп 84,503
BTC-DONCH в лонге -0.2R, стоп 84,503
GOLD-D20 в шорте -0.0R, стоп 4302.0
GOLD-D55 внутри канала (4114-4697), цена 4135.1
GOLD-D10 в шорте +0.9R, стоп 4267.5
GOLD-D в лонге -0.1R, стоп 4118.9
LOTTO   тихо: горячих 33 (проверено 8), пробоев 30д нет

=== Сканер сетапов | 2026-10-06 17:03 (локальное) ===
ETH     внутри канала: пробой вверх > 2739.50 (+1.6%), вниз < 2678.80 (-0.7%) | цена 2697.40
ETH-VOL нет сигнала (цена 2,691.7)
ETH-MOM в лонге -0.0R, стоп 2,654.5
ETH-DONCH нет сигнала (цена 2,691.7)
BTCd-VOL в лонге +2.8R, стоп 79,085
BTCd-MOM в лонге +5.1R, стоп 79,085
BTCd-DONCH в лонге -0.1R, стоп 80,348
BTC-BOS нет сигнала (цена 85,616, ADX 19)
BTC-MOM в лонге +1.6R, стоп 84,503
BTC-DONCH в лонге -0.2R, стоп 84,503
GOLD-D20 в шорте -0.0R, стоп 4302.0
GOLD-D55 внутри канала (4114-4697), цена 4135.1
GOLD-D10 в шорте +0.9R, стоп 4267.5
GOLD-D в лонге -0.1R, стоп 4118.9
LOTTO   тихо: горячих 33 (проверено 8), пробоев 30д нет

=== Сканер сетапов | 2026-10-06 17:31 (локальное) ===
ETH     внутри канала: пробой вверх > 2739.50 (+1.6%), вниз < 2678.80 (-0.7%) | цена 2697.40
ETH-VOL нет сигнала (цена 2,691.7)
ETH-MOM в лонге -0.0R, стоп 2,654.5
ETH-DONCH нет сигнала (цена 2,691.7)
BTCd-VOL в лонге +2.8R, стоп 79,085
BTCd-MOM в лонге +5.1R, стоп 79,085
BTCd-DONCH в лонге -0.1R, стоп 80,348
BTC-BOS нет сигнала (цена 85,616, ADX 19)
BTC-MOM в лонге +1.6R, стоп 84,503
BTC-DONCH в лонге -0.2R, стоп 84,503
GOLD-D20 в шорте -0.0R, стоп 4302.0
GOLD-D55 внутри канала (4114-4697), цена 4135.1
GOLD-D10 в шорте +0.9R, стоп 4267.5
GOLD-D в лонге -0.1R, стоп 4118.9
LOTTO   тихо: горячих 33 (проверено 8), пробоев 30д нет

=== Сканер сетапов | 2026-10-06 17:59 (локальное) ===
ETH     внутри канала: пробой вверх > 2739.50 (+1.6%), вниз < 2678.80 (-0.7%) | цена 2697.40
ETH-VOL нет сигнала (цена 2,691.7)
ETH-MOM в лонге -0.0R, стоп 2,654.5
ETH-DONCH нет сигнала (цена 2,691.7)
BTCd-VOL в лонге +2.8R, стоп 79,085
BTCd-MOM в лонге +5.1R, стоп 79,085
BTCd-DONCH в лонге -0.1R, стоп 80,348
BTC-BOS нет сигнала (цена 85,616, ADX 19)
BTC-MOM в лонге +1.6R, стоп 84,503
BTC-DONCH в лонге -0.2R, стоп 84,503
GOLD-D20 в шорте -0.0R, стоп 4302.0
GOLD-D55 внутри канала (4114-4697), цена 4135.1
GOLD-D10 в шорте +0.9R, стоп 4267.5
GOLD-D в лонге -0.2R, стоп 4118.9
LOTTO   тихо: горячих 33 (проверено 8), пробоев 30д нет

=== Сканер сетапов | 2026-10-06 18:27 (локальное) ===
ETH     внутри канала: пробой вверх > 2739.50 (+1.6%), вниз < 2678.80 (-0.6%) | цена 2696.10
ETH-VOL нет сигнала (цена 2,691.7)
ETH-MOM в лонге -0.0R, стоп 2,654.5
ETH-DONCH нет сигнала (цена 2,691.7)
BTCd-VOL в лонге +2.8R, стоп 79,085
BTCd-MOM в лонге +5.1R, стоп 79,085
BTCd-DONCH в лонге -0.1R, стоп 80,348
BTC-BOS нет сигнала (цена 85,616, ADX 19)
BTC-MOM в лонге +1.6R, стоп 84,503
BTC-DONCH в лонге -0.2R, стоп 84,503
GOLD-D20 в шорте -0.0R, стоп 4302.0
GOLD-D55 внутри канала (4114-4697), цена 4135.1
GOLD-D10 в шорте +0.9R, стоп 4267.5
GOLD-D в лонге -0.1R, стоп 4118.9
LOTTO   тихо: горячих 33 (проверено 8), пробоев 30д нет

=== Сканер сетапов | 2026-10-06 18:55 (локальное) ===
ETH     внутри канала: пробой вверх > 2739.50 (+1.6%), вниз < 2678.80 (-0.6%) | цена 2696.10
ETH-VOL нет сигнала (цена 2,691.7)
ETH-MOM в лонге -0.0R, стоп 2,654.5
ETH-DONCH нет сигнала (цена 2,691.7)
BTCd-VOL в лонге +2.8R, стоп 79,085
BTCd-MOM в лонге +5.1R, стоп 79,085
BTCd-DONCH в лонге -0.1R, стоп 80,348
BTC-BOS нет сигнала (цена 85,616, ADX 19)
BTC-MOM в лонге +1.6R, стоп 84,503
BTC-DONCH в лонге -0.2R, стоп 84,503
GOLD-D20 в шорте -0.0R, стоп 4302.0
GOLD-D55 внутри канала (4114-4697), цена 4135.1
GOLD-D10 в шорте +0.9R, стоп 4267.5
GOLD-D в лонге -0.1R, стоп 4118.9
LOTTO   тихо: горячих 33 (проверено 8), пробоев 30д нет

=== Сканер сетапов | 2026-10-06 19:23 (локальное) ===
ETH     внутри канала: пробой вверх > 2739.50 (+1.6%), вниз < 2678.80 (-0.7%) | цена 2697.30
ETH-VOL нет сигнала (цена 2,697.3)
ETH-MOM в лонге +0.1R, стоп 2,654.5
ETH-DONCH нет сигнала (цена 2,697.3)
BTCd-VOL в лонге +2.8R, стоп 79,085
BTCd-MOM в лонге +5.1R, стоп 79,085
BTCd-DONCH в лонге -0.2R, стоп 80,348
BTC-BOS нет сигнала (цена 85,547, ADX 18)
BTC-MOM в лонге +1.6R, стоп 84,503
BTC-DONCH в лонге -0.2R, стоп 84,503
GOLD-D20 в шорте -0.2R, стоп 4302.0
GOLD-D55 внутри канала (4114-4697), цена 4166.5
GOLD-D10 в шорте +0.8R, стоп 4267.5
GOLD-D в лонге -0.1R, стоп 4118.9
LOTTO   TRB: оборот 1.8x OI + пробой 30д максимума

=== Сканер сетапов | 2026-10-06 19:51 (локальное) ===
ETH     внутри канала: пробой вверх > 2739.50 (+1.6%), вниз < 2678.80 (-0.7%) | цена 2697.30
ETH-VOL нет сигнала (цена 2,697.3)
ETH-MOM в лонге +0.1R, стоп 2,654.5
ETH-DONCH нет сигнала (цена 2,697.3)
BTCd-VOL в лонге +2.8R, стоп 79,085
BTCd-MOM в лонге +5.1R, стоп 79,085
BTCd-DONCH в лонге -0.2R, стоп 80,348
BTC-BOS нет сигнала (цена 85,547, ADX 18)
BTC-MOM в лонге +1.6R, стоп 84,503
BTC-DONCH в лонге -0.2R, стоп 84,503
GOLD-D20 в шорте -0.2R, стоп 4302.0
GOLD-D55 внутри канала (4114-4697), цена 4166.5
GOLD-D10 в шорте +0.8R, стоп 4267.5
GOLD-D в лонге -0.1R, стоп 4118.9
LOTTO   GRIFFAIN: оборот 1.3x OI + пробой 30д максимума

=== Сканер сетапов | 2026-10-06 20:19 (локальное) ===
ETH     внутри канала: пробой вверх > 2737.50 (+1.5%), вниз < 2678.80 (-0.7%) | цена 2696.70
ETH-VOL нет сигнала (цена 2,697.3)
ETH-MOM в лонге +0.1R, стоп 2,654.5
ETH-DONCH нет сигнала (цена 2,697.3)
BTCd-VOL в лонге +2.8R, стоп 79,085
BTCd-MOM в лонге +5.1R, стоп 79,085
BTCd-DONCH в лонге -0.2R, стоп 80,348
BTC-BOS нет сигнала (цена 85,547, ADX 18)
BTC-MOM в лонге +1.6R, стоп 84,503
BTC-DONCH в лонге -0.2R, стоп 84,503
GOLD-D20 в шорте -0.2R, стоп 4302.0
GOLD-D55 внутри канала (4114-4697), цена 4166.5
GOLD-D10 в шорте +0.8R, стоп 4267.5
GOLD-D в лонге -0.4R, стоп 4118.9
LOTTO   тихо: горячих 34 (проверено 8), пробоев 30д нет

=== Сканер сетапов | 2026-10-06 20:20 (локальное) ===
ETH     внутри канала: пробой вверх > 2737.50 (+1.5%), вниз < 2678.80 (-0.7%) | цена 2696.70
ETH-VOL нет сигнала (цена 2,697.3)
ETH-MOM в лонге +0.1R, стоп 2,654.5
ETH-DONCH нет сигнала (цена 2,697.3)
BTCd-VOL в лонге +2.8R, стоп 79,085
BTCd-MOM в лонге +5.1R, стоп 79,085
BTCd-DONCH в лонге -0.2R, стоп 80,348
BTC-BOS нет сигнала (цена 85,547, ADX 18)
BTC-MOM в лонге +1.6R, стоп 84,503
BTC-DONCH в лонге -0.2R, стоп 84,503
GOLD-D20 в шорте -0.2R, стоп 4302.0
GOLD-D55 внутри канала (4114-4697), цена 4166.5
GOLD-D10 в шорте +0.8R, стоп 4267.5
GOLD-D в лонге -0.4R, стоп 4118.9
LOTTO   тихо: горячих 34 (проверено 8), пробоев 30д нет

=== Сканер сетапов | 2026-10-06 20:48 (локальное) ===
ETH     внутри канала: пробой вверх > 2737.50 (+1.5%), вниз < 2678.80 (-0.7%) | цена 2696.70
ETH-VOL нет сигнала (цена 2,697.3)
ETH-MOM в лонге +0.1R, стоп 2,654.5
ETH-DONCH нет сигнала (цена 2,697.3)
BTCd-VOL в лонге +2.8R, стоп 79,085
BTCd-MOM в лонге +5.1R, стоп 79,085
BTCd-DONCH в лонге -0.2R, стоп 80,348
BTC-BOS нет сигнала (цена 85,547, ADX 18)
BTC-MOM в лонге +1.6R, стоп 84,503
BTC-DONCH в лонге -0.2R, стоп 84,503
GOLD-D20 в шорте -0.2R, стоп 4302.0
GOLD-D55 внутри канала (4114-4697), цена 4166.5
GOLD-D10 в шорте +0.8R, стоп 4267.5
GOLD-D в лонге -0.4R, стоп 4118.9
LOTTO   тихо: горячих 34 (проверено 8), пробоев 30д нет

=== Сканер сетапов | 2026-10-06 21:16 (локальное) ===
ETH     >>> ШОРТ | вход ~2656.40 | стоп 2687.49 | годен при цене выше 2644 | трейлинг 2.5xATR за ценой, тайм-стоп 120ч | риск 0.15-0.2%
ETH-VOL нет сигнала (цена 2,697.3)
ETH-MOM в лонге +0.1R, стоп 2,654.5
ETH-DONCH нет сигнала (цена 2,697.3)
BTCd-VOL в лонге +2.8R, стоп 79,085
BTCd-MOM в лонге +5.1R, стоп 79,085
BTCd-DONCH в лонге -0.2R, стоп 80,348
BTC-BOS нет сигнала (цена 85,547, ADX 18)
BTC-MOM в лонге +1.6R, стоп 84,503
BTC-DONCH в лонге -0.2R, стоп 84,503
GOLD-D20 в шорте -0.2R, стоп 4302.0
GOLD-D55 внутри канала (4114-4697), цена 4166.5
GOLD-D10 в шорте +0.8R, стоп 4267.5
GOLD-D в лонге -0.5R, стоп 4118.9
LOTTO   тихо: горячих 40 (проверено 8), пробоев 30д нет
TRAIL   ETH шорт @ 2656.40 | стоп -> 2687.72 | -0.0R | 1ч из 120

=== Сканер сетапов | 2026-10-06 21:44 (локальное) ===
ETH     в позиции (ШОРТ), повторный пробой подавлен - ведём трейлинг
ETH-VOL нет сигнала (цена 2,697.3)
ETH-MOM в лонге +0.1R, стоп 2,654.5
ETH-DONCH нет сигнала (цена 2,697.3)
BTCd-VOL в лонге +2.8R, стоп 79,085
BTCd-MOM в лонге +5.1R, стоп 79,085
BTCd-DONCH в лонге -0.2R, стоп 80,348
BTC-BOS нет сигнала (цена 85,547, ADX 18)
BTC-MOM в лонге +1.6R, стоп 84,503
BTC-DONCH в лонге -0.2R, стоп 84,503
GOLD-D20 в шорте -0.2R, стоп 4302.0
GOLD-D55 внутри канала (4114-4697), цена 4166.5
GOLD-D10 в шорте +0.8R, стоп 4267.5
GOLD-D в лонге -0.5R, стоп 4118.9
LOTTO   тихо: горячих 39 (проверено 8), пробоев 30д нет
TRAIL   ETH шорт @ 2656.40 | стоп -> 2687.72 | -0.0R | 2ч из 120

=== Сканер сетапов | 2026-10-06 22:12 (локальное) ===
ETH     в позиции (ШОРТ), повторный пробой подавлен - ведём трейлинг
ETH-VOL нет сигнала (цена 2,697.3)
ETH-MOM в лонге +0.1R, стоп 2,654.5
ETH-DONCH нет сигнала (цена 2,697.3)
BTCd-VOL в лонге +2.8R, стоп 79,085
BTCd-MOM в лонге +5.1R, стоп 79,085
BTCd-DONCH в лонге -0.2R, стоп 80,348
BTC-BOS нет сигнала (цена 85,547, ADX 18)
BTC-MOM в лонге +1.6R, стоп 84,503
BTC-DONCH в лонге -0.2R, стоп 84,503
GOLD-D20 в шорте -0.2R, стоп 4302.0
GOLD-D55 внутри канала (4114-4697), цена 4166.5
GOLD-D10 в шорте +0.8R, стоп 4267.5
GOLD-D в лонге -0.6R, стоп 4118.9
LOTTO   тихо: горячих 39 (проверено 8), пробоев 30д нет
TRAIL   ETH шорт @ 2656.40 | стоп -> 2653.75 | +1.4R | 2ч из 120

=== Сканер сетапов | 2026-10-06 22:40 (локальное) ===
ETH     в позиции (ШОРТ), повторный пробой подавлен - ведём трейлинг
ETH-VOL нет сигнала (цена 2,697.3)
ETH-MOM в лонге +0.1R, стоп 2,654.5
ETH-DONCH нет сигнала (цена 2,697.3)
BTCd-VOL в лонге +2.8R, стоп 79,085
BTCd-MOM в лонге +5.1R, стоп 79,085
BTCd-DONCH в лонге -0.2R, стоп 80,348
BTC-BOS нет сигнала (цена 85,547, ADX 18)
BTC-MOM в лонге +1.6R, стоп 84,503
BTC-DONCH в лонге -0.2R, стоп 84,503
GOLD-D20 в шорте -0.2R, стоп 4302.0
GOLD-D55 внутри канала (4114-4697), цена 4166.5
GOLD-D10 в шорте +0.8R, стоп 4267.5
GOLD-D в лонге -0.5R, стоп 4118.9
LOTTO   тихо: горячих 40 (проверено 8), пробоев 30д нет
TRAIL   ETH шорт @ 2656.40 | стоп -> 2653.75 | +1.4R | 3ч из 120

=== Сканер сетапов | 2026-10-06 23:08 (локальное) ===
ETH     внутри канала: пробой вверх > 2734.80 (+4.8%), вниз < 2588.10 (-0.9%) | цена 2610.50
ETH-VOL >>> ШОРТ вход ~2,610.5
ETH-MOM закрыт (трейлинг-стоп): -0.74R
ETH-DONCH >>> ШОРТ вход ~2,610.5
BTCd-VOL в лонге +2.8R, стоп 79,085
BTCd-MOM в лонге +5.1R, стоп 79,085
BTCd-DONCH в лонге -0.2R, стоп 80,348
BTC-BOS нет сигнала (цена 84,123, ADX 19)
BTC-MOM закрыт (трейлинг-стоп): +0.93R
BTC-DONCH закрыт (трейлинг-стоп): -0.68R
GOLD-D20 в шорте -0.2R, стоп 4302.0
GOLD-D55 внутри канала (4114-4697), цена 4166.5
GOLD-D10 в шорте +0.8R, стоп 4267.5
GOLD-D в лонге -0.5R, стоп 4118.9
LOTTO   тихо: горячих 39 (проверено 8), пробоев 30д нет
TRAIL   ETH шорт @ 2656.40 | стоп -> 2652.33 | +1.4R | 3ч из 120

=== Сканер сетапов | 2026-10-06 23:36 (локальное) ===
ETH     внутри канала: пробой вверх > 2734.80 (+4.8%), вниз < 2588.10 (-0.9%) | цена 2610.50
ETH-VOL закрыт (трейлинг-стоп): -1.00R
ETH-MOM нет сигнала (цена 2,610.5)
ETH-DONCH закрыт (трейлинг-стоп): -1.00R
BTCd-VOL в лонге +2.8R, стоп 79,085
BTCd-MOM в лонге +5.1R, стоп 79,085
BTCd-DONCH в лонге -0.2R, стоп 80,348
BTC-BOS нет сигнала (цена 84,123, ADX 19)
BTC-MOM нет сигнала (цена 84,123, ADX 19)
BTC-DONCH нет сигнала (цена 84,123, ADX 19)
GOLD-D20 в шорте -0.2R, стоп 4302.0
GOLD-D55 внутри канала (4114-4697), цена 4166.5
GOLD-D10 в шорте +0.8R, стоп 4267.5
GOLD-D в лонге -0.5R, стоп 4118.9
LOTTO   тихо: горячих 40 (проверено 8), пробоев 30д нет
TRAIL   ETH шорт @ 2656.40 | стоп -> 2652.33 | +1.4R | 4ч из 120

=== Сканер сетапов | 2026-10-07 00:04 (локальное) ===
ETH     внутри канала: пробой вверх > 2734.80 (+4.8%), вниз < 2588.10 (-0.8%) | цена 2609.40
ETH-VOL нет сигнала (цена 2,610.5)
ETH-MOM нет сигнала (цена 2,610.5)
ETH-DONCH нет сигнала (цена 2,610.5)
BTCd-VOL в лонге +2.8R, стоп 79,085
BTCd-MOM в лонге +5.1R, стоп 79,085
BTCd-DONCH в лонге -0.2R, стоп 80,348
BTC-BOS нет сигнала (цена 84,123, ADX 19)
BTC-MOM нет сигнала (цена 84,123, ADX 19)
BTC-DONCH нет сигнала (цена 84,123, ADX 19)
GOLD-D20 в шорте -0.2R, стоп 4302.0
GOLD-D55 внутри канала (4114-4697), цена 4166.5
GOLD-D10 в шорте +0.8R, стоп 4267.5
GOLD-D в лонге -0.7R, стоп 4118.9
LOTTO   тихо: горячих 40 (проверено 8), пробоев 30д нет
TRAIL   ETH шорт @ 2656.40 | стоп -> 2649.81 | +1.5R | 4ч из 120

=== Сканер сетапов | 2026-10-07 00:33 (локальное) ===
ETH     внутри канала: пробой вверх > 2734.80 (+4.8%), вниз < 2588.10 (-0.8%) | цена 2609.40
ETH-VOL нет сигнала (цена 2,610.5)
ETH-MOM нет сигнала (цена 2,610.5)
ETH-DONCH нет сигнала (цена 2,610.5)
BTCd-VOL в лонге +2.8R, стоп 79,085
BTCd-MOM в лонге +5.1R, стоп 79,085
BTCd-DONCH в лонге -0.2R, стоп 80,348
BTC-BOS нет сигнала (цена 84,123, ADX 19)
BTC-MOM нет сигнала (цена 84,123, ADX 19)
BTC-DONCH нет сигнала (цена 84,123, ADX 19)
GOLD-D20 в шорте -0.2R, стоп 4302.0
GOLD-D55 внутри канала (4114-4697), цена 4166.5
GOLD-D10 в шорте +0.8R, стоп 4267.5
GOLD-D в лонге -0.7R, стоп 4118.9
LOTTO   тихо: горячих 39 (проверено 8), пробоев 30д нет
TRAIL   ETH шорт @ 2656.40 | стоп -> 2649.81 | +1.5R | 5ч из 120

=== Сканер сетапов | 2026-10-07 01:54 (локальное) ===
ETH     внутри канала: пробой вверх > 2734.80 (+4.4%), вниз < 2588.10 (-1.2%) | цена 2620.10
ETH-VOL нет сигнала (цена 2,610.5)
ETH-MOM нет сигнала (цена 2,610.5)
ETH-DONCH нет сигнала (цена 2,610.5)
BTCd-VOL в лонге +2.8R, стоп 79,085
BTCd-MOM в лонге +5.1R, стоп 79,085
BTCd-DONCH в лонге -0.2R, стоп 80,348
BTC-BOS нет сигнала (цена 84,123, ADX 19)
BTC-MOM нет сигнала (цена 84,123, ADX 19)
BTC-DONCH нет сигнала (цена 84,123, ADX 19)
GOLD-D20 в шорте -0.2R, стоп 4302.0
GOLD-D55 внутри канала (4114-4697), цена 4166.5
GOLD-D10 в шорте +0.8R, стоп 4267.5
GOLD-D в лонге -0.7R, стоп 4118.9
LOTTO   тихо: горячих 39 (проверено 8), пробоев 30д нет
TRAIL   ETH шорт @ 2656.40 | стоп -> 2650.18 | +1.1R | 6ч из 120

=== Сканер сетапов | 2026-10-07 02:22 (локальное) ===
ETH     внутри канала: пробой вверх > 2734.80 (+4.5%), вниз < 2588.10 (-1.1%) | цена 2617.90
ETH-VOL нет сигнала (цена 2,610.5)
ETH-MOM нет сигнала (цена 2,610.5)
ETH-DONCH нет сигнала (цена 2,610.5)
BTCd-VOL в лонге +2.8R, стоп 79,085
BTCd-MOM в лонге +5.1R, стоп 79,085
BTCd-DONCH в лонге -0.2R, стоп 80,348
BTC-BOS нет сигнала (цена 84,123, ADX 19)
BTC-MOM нет сигнала (цена 84,123, ADX 19)
BTC-DONCH нет сигнала (цена 84,123, ADX 19)
GOLD-D20 в шорте -0.2R, стоп 4302.0
GOLD-D55 внутри канала (4114-4697), цена 4166.5
GOLD-D10 в шорте +0.8R, стоп 4267.5
GOLD-D в лонге -0.7R, стоп 4118.9
LOTTO   тихо: горячих 39 (проверено 8), пробоев 30д нет
TRAIL   ETH шорт @ 2656.40 | стоп -> 2649.15 | +1.2R | 6ч из 120

=== Сканер сетапов | 2026-10-07 02:50 (локальное) ===
ETH     внутри канала: пробой вверх > 2734.80 (+4.5%), вниз < 2588.10 (-1.1%) | цена 2617.90
ETH-VOL нет сигнала (цена 2,610.5)
ETH-MOM нет сигнала (цена 2,610.5)
ETH-DONCH нет сигнала (цена 2,610.5)
BTCd-VOL в лонге +2.8R, стоп 79,085
BTCd-MOM в лонге +5.1R, стоп 79,085
BTCd-DONCH в лонге -0.2R, стоп 80,348
BTC-BOS нет сигнала (цена 84,123, ADX 19)
BTC-MOM нет сигнала (цена 84,123, ADX 19)
BTC-DONCH нет сигнала (цена 84,123, ADX 19)
GOLD-D20 в шорте -0.2R, стоп 4302.0
GOLD-D55 внутри канала (4114-4697), цена 4166.5
GOLD-D10 в шорте +0.8R, стоп 4267.5
GOLD-D в лонге -0.7R, стоп 4118.9
LOTTO   тихо: горячих 39 (проверено 8), пробоев 30д нет
TRAIL   ETH шорт @ 2656.40 | стоп -> 2649.15 | +1.2R | 7ч из 120

=== Сканер сетапов | 2026-10-07 03:18 (локальное) ===
ETH     внутри канала: пробой вверх > 2734.80 (+4.6%), вниз < 2588.10 (-1.1%) | цена 2615.60
ETH-VOL нет сигнала (цена 2,615.6)
ETH-MOM нет сигнала (цена 2,615.6)
ETH-DONCH нет сигнала (цена 2,615.6)
BTCd-VOL в лонге +2.8R, стоп 79,085
BTCd-MOM в лонге +5.1R, стоп 79,085
BTCd-DONCH в лонге -0.2R, стоп 80,348
BTC-BOS нет сигнала (цена 84,113, ADX 20)
BTC-MOM >>> ЛОНГ вход ~84,113
BTC-DONCH нет сигнала (цена 84,113, ADX 20)
GOLD-D20 в шорте -0.2R, стоп 4302.0
GOLD-D55 внутри канала (4114-4697), цена 4166.5
GOLD-D10 в шорте +0.8R, стоп 4267.5
GOLD-D в лонге -0.7R, стоп 4118.9
LOTTO   тихо: горячих 39 (проверено 8), пробоев 30д нет
TRAIL   ETH шорт @ 2656.40 | стоп -> 2650.21 | +1.3R | 7ч из 120

=== Сканер сетапов | 2026-10-07 03:46 (локальное) ===
ETH     внутри канала: пробой вверх > 2734.80 (+4.6%), вниз < 2588.10 (-1.1%) | цена 2615.60
ETH-VOL нет сигнала (цена 2,615.6)
ETH-MOM нет сигнала (цена 2,615.6)
ETH-DONCH нет сигнала (цена 2,615.6)
BTCd-VOL в лонге +2.8R, стоп 79,085
BTCd-MOM в лонге +5.1R, стоп 79,085
BTCd-DONCH в лонге -0.2R, стоп 80,348
BTC-BOS нет сигнала (цена 84,113, ADX 20)
BTC-MOM в лонге +0.0R, стоп 82,518
BTC-DONCH нет сигнала (цена 84,113, ADX 20)
GOLD-D20 в шорте -0.2R, стоп 4302.0
GOLD-D55 внутри канала (4114-4697), цена 4166.5
GOLD-D10 в шорте +0.8R, стоп 4267.5
GOLD-D в лонге -0.7R, стоп 4118.9
LOTTO   тихо: горячих 39 (проверено 8), пробоев 30д нет
TRAIL   ETH шорт @ 2656.40 | стоп -> 2650.21 | +1.3R | 8ч из 120

=== Сканер сетапов | 2026-10-07 04:14 (локальное) ===
ETH     внутри канала: пробой вверх > 2734.80 (+4.8%), вниз < 2588.10 (-0.8%) | цена 2608.60
ETH-VOL нет сигнала (цена 2,615.6)
ETH-MOM нет сигнала (цена 2,615.6)
ETH-DONCH нет сигнала (цена 2,615.6)
BTCd-VOL в лонге +2.8R, стоп 79,085
BTCd-MOM в лонге +5.1R, стоп 79,085
BTCd-DONCH в лонге -0.2R, стоп 80,348
BTC-BOS нет сигнала (цена 84,113, ADX 20)
BTC-MOM в лонге +0.0R, стоп 82,518
BTC-DONCH нет сигнала (цена 84,113, ADX 20)
GOLD-D20 в шорте -0.2R, стоп 4302.0
GOLD-D55 внутри канала (4114-4697), цена 4166.5
GOLD-D10 в шорте +0.8R, стоп 4267.5
GOLD-D в лонге -0.9R, стоп 4118.9
LOTTO   тихо: горячих 39 (проверено 8), пробоев 30д нет
TRAIL   ETH шорт @ 2656.40 | стоп -> 2643.99 | +1.6R | 8ч из 120

=== Сканер сетапов | 2026-10-07 04:42 (локальное) ===
ETH     внутри канала: пробой вверх > 2734.80 (+4.8%), вниз < 2588.10 (-0.8%) | цена 2608.60
ETH-VOL нет сигнала (цена 2,615.6)
ETH-MOM нет сигнала (цена 2,615.6)
ETH-DONCH нет сигнала (цена 2,615.6)
BTCd-VOL в лонге +2.8R, стоп 79,085
BTCd-MOM в лонге +5.1R, стоп 79,085
BTCd-DONCH в лонге -0.2R, стоп 80,348
BTC-BOS нет сигнала (цена 84,113, ADX 20)
BTC-MOM в лонге +0.0R, стоп 82,518
BTC-DONCH нет сигнала (цена 84,113, ADX 20)
GOLD-D20 в шорте -0.2R, стоп 4302.0
GOLD-D55 внутри канала (4114-4697), цена 4166.5
GOLD-D10 в шорте +0.8R, стоп 4267.5
GOLD-D в лонге -1.0R, стоп 4118.9
LOTTO   тихо: горячих 39 (проверено 8), пробоев 30д нет
TRAIL   ETH шорт @ 2656.40 | стоп -> 2643.99 | +1.6R | 9ч из 120

=== Сканер сетапов | 2026-10-07 05:10 (локальное) ===
ETH     внутри канала: пробой вверх > 2729.50 (+5.2%), вниз < 2588.10 (-0.3%) | цена 2595.80
ETH-VOL нет сигнала (цена 2,615.6)
ETH-MOM нет сигнала (цена 2,615.6)
ETH-DONCH нет сигнала (цена 2,615.6)
BTCd-VOL в лонге +2.8R, стоп 79,085
BTCd-MOM в лонге +5.1R, стоп 79,085
BTCd-DONCH в лонге -0.2R, стоп 80,348
BTC-BOS нет сигнала (цена 84,113, ADX 20)
BTC-MOM в лонге +0.0R, стоп 82,518
BTC-DONCH нет сигнала (цена 84,113, ADX 20)
GOLD-D20 в шорте -0.2R, стоп 4302.0
GOLD-D55 внутри канала (4114-4697), цена 4166.5
GOLD-D10 в шорте +0.8R, стоп 4267.5
GOLD-D закрыт (трейлинг-стоп): -1.00R
LOTTO   тихо: горячих 39 (проверено 8), пробоев 30д нет
TRAIL   ETH шорт @ 2656.40 | стоп -> 2632.11 | +2.0R | 9ч из 120

=== Сканер сетапов | 2026-10-07 05:38 (локальное) ===
ETH     внутри канала: пробой вверх > 2729.50 (+5.2%), вниз < 2588.10 (-0.3%) | цена 2595.80
ETH-VOL нет сигнала (цена 2,615.6)
ETH-MOM нет сигнала (цена 2,615.6)
ETH-DONCH нет сигнала (цена 2,615.6)
BTCd-VOL в лонге +2.8R, стоп 79,085
BTCd-MOM в лонге +5.1R, стоп 79,085
BTCd-DONCH в лонге -0.2R, стоп 80,348
BTC-BOS нет сигнала (цена 84,113, ADX 20)
BTC-MOM в лонге +0.0R, стоп 82,518
BTC-DONCH нет сигнала (цена 84,113, ADX 20)
GOLD-D20 в шорте -0.2R, стоп 4302.0
GOLD-D55 внутри канала (4114-4697), цена 4166.5
GOLD-D10 в шорте +0.8R, стоп 4267.5
GOLD-D ADX 26✓ но внутри канала (4109-4183), цена 4117.9
LOTTO   тихо: горячих 39 (проверено 8), пробоев 30д нет
TRAIL   ETH шорт @ 2656.40 | стоп -> 2632.11 | +2.0R | 10ч из 120

=== Сканер сетапов | 2026-10-07 06:07 (локальное) ===
ETH     в позиции (ШОРТ), повторный пробой подавлен - ведём трейлинг
ETH-VOL нет сигнала (цена 2,615.6)
ETH-MOM нет сигнала (цена 2,615.6)
ETH-DONCH нет сигнала (цена 2,615.6)
BTCd-VOL в лонге +2.8R, стоп 79,085
BTCd-MOM в лонге +5.1R, стоп 79,085
BTCd-DONCH в лонге -0.2R, стоп 80,348
BTC-BOS нет сигнала (цена 84,113, ADX 20)
BTC-MOM в лонге +0.0R, стоп 82,518
BTC-DONCH нет сигнала (цена 84,113, ADX 20)
GOLD-D20 в шорте -0.2R, стоп 4302.0
GOLD-D55 внутри канала (4114-4697), цена 4166.5
GOLD-D10 в шорте +0.8R, стоп 4267.5
GOLD-D ADX 26✓ но внутри канала (4109-4183), цена 4122.3
LOTTO   тихо: горячих 39 (проверено 8), пробоев 30д нет
TRAIL   ETH шорт @ 2656.40 | стоп -> 2618.23 | +2.5R | 10ч из 120

=== Сканер сетапов | 2026-10-07 09:15 (локальное) ===
ETH     внутри канала: пробой вверх > 2729.50 (+6.2%), вниз < 2565.60 (-0.1%) | цена 2569.10
ETH-VOL >>> ШОРТ вход ~2,577.6
ETH-MOM >>> ШОРТ вход ~2,577.6
ETH-DONCH >>> ШОРТ вход ~2,577.6
BTCd-VOL в лонге +2.8R, стоп 79,085
BTCd-MOM в лонге +5.1R, стоп 79,085
BTCd-DONCH в лонге -0.2R, стоп 80,348
BTC-BOS нет сигнала (цена 83,710, ADX 21)
BTC-MOM в лонге -0.3R, стоп 82,518
BTC-DONCH нет сигнала (цена 83,710, ADX 21)
GOLD-D20 в шорте -0.2R, стоп 4302.0
GOLD-D55 внутри канала (4114-4697), цена 4166.5
GOLD-D10 в шорте +0.8R, стоп 4267.5
GOLD-D >>> ШОРТ вход ~4103.3 (ADX 29)
SPX-RSI5 нет сигнала (RSI2 97, цена 7,819)
SPX-DIP5 нет сигнала (RSI2 97, цена 7,819)
SPX-TOM нет сигнала (RSI2 97, цена 7,819)
SPX-MR  нет сигнала: IBS 0.66 (<0.2), RSI2 97 (<10), выше MA200
LOTTO   тихо: горячих 38 (проверено 8), пробоев 30д нет
TRAIL   ETH шорт @ 2656.40 | стоп -> 2611.32 | +2.5R | 13ч из 120

=== Сканер сетапов | 2026-10-07 09:43 (локальное) ===
ETH     внутри канала: пробой вверх > 2729.50 (+6.2%), вниз < 2565.60 (-0.1%) | цена 2569.10
ETH-VOL в шорте -0.0R, стоп 2,655.0
ETH-MOM в шорте -0.0R, стоп 2,639.6
ETH-DONCH в шорте -0.0R, стоп 2,655.0
BTCd-VOL в лонге +2.8R, стоп 79,085
BTCd-MOM в лонге +5.1R, стоп 79,085
BTCd-DONCH в лонге -0.2R, стоп 80,348
BTC-BOS нет сигнала (цена 83,710, ADX 21)
BTC-MOM в лонге -0.3R, стоп 82,518
BTC-DONCH нет сигнала (цена 83,710, ADX 21)
GOLD-D20 в шорте -0.2R, стоп 4302.0
GOLD-D55 внутри канала (4114-4697), цена 4166.5
GOLD-D10 в шорте +0.8R, стоп 4267.5
GOLD-D в шорте -0.1R, стоп 4164.5
SPX-RSI5 нет сигнала (RSI2 97, цена 7,819)
SPX-DIP5 нет сигнала (RSI2 97, цена 7,819)
SPX-TOM нет сигнала (RSI2 97, цена 7,819)
SPX-MR  нет сигнала: IBS 0.66 (<0.2), RSI2 97 (<10), выше MA200
LOTTO   тихо: горячих 39 (проверено 8), пробоев 30д нет
TRAIL   ETH шорт @ 2656.40 | стоп -> 2611.32 | +2.5R | 14ч из 120

=== Сканер сетапов | 2026-10-07 10:39 (локальное) ===
ETH     внутри канала: пробой вверх > 2729.50 (+6.5%), вниз < 2552.50 (-0.4%) | цена 2563.30
ETH-VOL в шорте -0.0R, стоп 2,655.0
ETH-MOM в шорте -0.0R, стоп 2,639.6
ETH-DONCH в шорте -0.0R, стоп 2,655.0
BTCd-VOL в лонге +2.8R, стоп 79,085
BTCd-MOM в лонге +5.1R, стоп 79,085
BTCd-DONCH в лонге -0.2R, стоп 80,348
BTC-BOS нет сигнала (цена 83,710, ADX 21)
BTC-MOM в лонге -0.3R, стоп 82,518
BTC-DONCH нет сигнала (цена 83,710, ADX 21)
GOLD-D20 в шорте -0.2R, стоп 4302.0
GOLD-D55 внутри канала (4114-4697), цена 4166.5
GOLD-D10 в шорте +0.8R, стоп 4267.5
GOLD-D в шорте -0.1R, стоп 4164.5
SPX-RSI5 нет сигнала (RSI2 97, цена 7,819)
SPX-DIP5 нет сигнала (RSI2 97, цена 7,819)
SPX-TOM нет сигнала (RSI2 97, цена 7,819)
SPX-MR  нет сигнала: IBS 0.66 (<0.2), RSI2 97 (<10), выше MA200
LOTTO   тихо: горячих 39 (проверено 8), пробоев 30д нет
TRAIL   ETH шорт @ 2656.40 | стоп -> 2603.05 | +3.1R | 15ч из 120

=== Сканер сетапов | 2026-10-07 11:08 (локальное) ===
ETH     внутри канала: пробой вверх > 2723.70 (+5.9%), вниз < 2552.50 (-0.7%) | цена 2570.90
ETH-VOL в шорте +0.1R, стоп 2,655.0
ETH-MOM в шорте +0.1R, стоп 2,639.6
ETH-DONCH в шорте +0.1R, стоп 2,648.4
BTCd-VOL в лонге +2.8R, стоп 79,085
BTCd-MOM в лонге +5.1R, стоп 79,085
BTCd-DONCH в лонге -0.2R, стоп 80,348
BTC-BOS нет сигнала (цена 83,445, ADX 24)
BTC-MOM в лонге -0.4R, стоп 82,518
BTC-DONCH нет сигнала (цена 83,445, ADX 24)
GOLD-D20 в шорте -0.2R, стоп 4302.0
GOLD-D55 внутри канала (4114-4697), цена 4166.5
GOLD-D10 в шорте +0.8R, стоп 4267.5
GOLD-D в шорте -0.1R, стоп 4164.5
SPX-RSI5 нет сигнала (RSI2 97, цена 7,819)
SPX-DIP5 нет сигнала (RSI2 97, цена 7,819)
SPX-TOM нет сигнала (RSI2 97, цена 7,819)
SPX-MR  нет сигнала: IBS 0.66 (<0.2), RSI2 97 (<10), выше MA200
LOTTO   тихо: горячих 38 (проверено 8), пробоев 30д нет
TRAIL   ETH шорт @ 2656.40 | стоп -> 2603.73 | +2.7R | 15ч из 120

=== Сканер сетапов | 2026-10-07 11:36 (локальное) ===
ETH     внутри канала: пробой вверх > 2723.70 (+5.9%), вниз < 2552.50 (-0.7%) | цена 2570.90
ETH-VOL в шорте +0.1R, стоп 2,655.0
ETH-MOM в шорте +0.1R, стоп 2,639.6
ETH-DONCH в шорте +0.1R, стоп 2,648.4
BTCd-VOL в лонге +2.8R, стоп 79,085
BTCd-MOM в лонге +5.1R, стоп 79,085
BTCd-DONCH в лонге -0.2R, стоп 80,348
BTC-BOS нет сигнала (цена 83,445, ADX 24)
BTC-MOM в лонге -0.4R, стоп 82,518
BTC-DONCH нет сигнала (цена 83,445, ADX 24)
GOLD-D20 в шорте -0.2R, стоп 4302.0
GOLD-D55 внутри канала (4114-4697), цена 4166.5
GOLD-D10 в шорте +0.8R, стоп 4267.5
GOLD-D в шорте -0.1R, стоп 4164.5
SPX-RSI5 нет сигнала (RSI2 97, цена 7,819)
SPX-DIP5 нет сигнала (RSI2 97, цена 7,819)
SPX-TOM нет сигнала (RSI2 97, цена 7,819)
SPX-MR  нет сигнала: IBS 0.66 (<0.2), RSI2 97 (<10), выше MA200
LOTTO   тихо: горячих 38 (проверено 8), пробоев 30д нет
TRAIL   ETH шорт @ 2656.40 | стоп -> 2603.73 | +2.7R | 16ч из 120

=== Сканер сетапов | 2026-10-07 12:04 (локальное) ===
ETH     внутри канала: пробой вверх > 2723.70 (+6.1%), вниз < 2552.50 (-0.6%) | цена 2568.00
ETH-VOL в шорте +0.1R, стоп 2,655.0
ETH-MOM в шорте +0.1R, стоп 2,639.6
ETH-DONCH в шорте +0.1R, стоп 2,648.4
BTCd-VOL в лонге +2.8R, стоп 79,085
BTCd-MOM в лонге +5.1R, стоп 79,085
BTCd-DONCH в лонге -0.2R, стоп 80,348
BTC-BOS нет сигнала (цена 83,445, ADX 24)
BTC-MOM в лонге -0.4R, стоп 82,518
BTC-DONCH нет сигнала (цена 83,445, ADX 24)
GOLD-D20 в шорте -0.2R, стоп 4302.0
GOLD-D55 внутри канала (4114-4697), цена 4166.5
GOLD-D10 в шорте +0.8R, стоп 4267.5
GOLD-D в шорте -0.2R, стоп 4164.5
SPX-RSI5 нет сигнала (RSI2 97, цена 7,819)
SPX-DIP5 нет сигнала (RSI2 97, цена 7,819)
SPX-TOM нет сигнала (RSI2 97, цена 7,819)
SPX-MR  нет сигнала: IBS 0.66 (<0.2), RSI2 97 (<10), выше MA200
LOTTO   тихо: горячих 37 (проверено 8), пробоев 30д нет
TRAIL   ETH шорт @ 2656.40 | стоп -> 2603.21 | +2.9R | 16ч из 120

=== Сканер сетапов | 2026-10-07 12:32 (локальное) ===
ETH     внутри канала: пробой вверх > 2723.70 (+6.1%), вниз < 2552.50 (-0.6%) | цена 2568.00
ETH-VOL в шорте +0.1R, стоп 2,655.0
ETH-MOM в шорте +0.1R, стоп 2,639.6
ETH-DONCH в шорте +0.1R, стоп 2,648.4
BTCd-VOL в лонге +2.8R, стоп 79,085
BTCd-MOM в лонге +5.1R, стоп 79,085
BTCd-DONCH в лонге -0.2R, стоп 80,348
BTC-BOS нет сигнала (цена 83,445, ADX 24)
BTC-MOM в лонге -0.4R, стоп 82,518
BTC-DONCH нет сигнала (цена 83,445, ADX 24)
GOLD-D20 в шорте -0.2R, стоп 4302.0
GOLD-D55 внутри канала (4114-4697), цена 4166.5
GOLD-D10 в шорте +0.8R, стоп 4267.5
GOLD-D в шорте -0.2R, стоп 4164.5
SPX-RSI5 нет сигнала (RSI2 97, цена 7,819)
SPX-DIP5 нет сигнала (RSI2 97, цена 7,819)
SPX-TOM нет сигнала (RSI2 97, цена 7,819)
SPX-MR  нет сигнала: IBS 0.66 (<0.2), RSI2 97 (<10), выше MA200
LOTTO   тихо: горячих 37 (проверено 8), пробоев 30д нет
TRAIL   ETH шорт @ 2656.40 | стоп -> 2603.21 | +2.9R | 17ч из 120

=== Сканер сетапов | 2026-10-07 13:00 (локальное) ===
ETH     в позиции (ШОРТ), повторный пробой подавлен - ведём трейлинг
ETH-VOL в шорте +0.1R, стоп 2,655.0
ETH-MOM в шорте +0.1R, стоп 2,639.6
ETH-DONCH в шорте +0.1R, стоп 2,648.4
BTCd-VOL в лонге +2.8R, стоп 79,085
BTCd-MOM в лонге +5.1R, стоп 79,085
BTCd-DONCH в лонге -0.2R, стоп 80,348
BTC-BOS нет сигнала (цена 83,445, ADX 24)
BTC-MOM в лонге -0.4R, стоп 82,518
BTC-DONCH нет сигнала (цена 83,445, ADX 24)
GOLD-D20 в шорте -0.2R, стоп 4302.0
GOLD-D55 внутри канала (4114-4697), цена 4166.5
GOLD-D10 в шорте +0.8R, стоп 4267.5
GOLD-D в шорте -0.1R, стоп 4164.5
SPX-RSI5 нет сигнала (RSI2 97, цена 7,819)
SPX-DIP5 нет сигнала (RSI2 97, цена 7,819)
SPX-TOM нет сигнала (RSI2 97, цена 7,819)
SPX-MR  нет сигнала: IBS 0.66 (<0.2), RSI2 97 (<10), выше MA200
LOTTO   тихо: горячих 38 (проверено 8), пробоев 30д нет
TRAIL   ETH шорт @ 2656.40 | стоп -> 2592.82 | +3.6R | 17ч из 120

=== Сканер сетапов | 2026-10-07 13:28 (локальное) ===
ETH     в позиции (ШОРТ), повторный пробой подавлен - ведём трейлинг
ETH-VOL в шорте +0.1R, стоп 2,655.0
ETH-MOM в шорте +0.1R, стоп 2,639.6
ETH-DONCH в шорте +0.1R, стоп 2,648.4
BTCd-VOL в лонге +2.8R, стоп 79,085
BTCd-MOM в лонге +5.1R, стоп 79,085
BTCd-DONCH в лонге -0.2R, стоп 80,348
BTC-BOS нет сигнала (цена 83,445, ADX 24)
BTC-MOM в лонге -0.4R, стоп 82,518
BTC-DONCH нет сигнала (цена 83,445, ADX 24)
GOLD-D20 в шорте -0.2R, стоп 4302.0
GOLD-D55 внутри канала (4114-4697), цена 4166.5
GOLD-D10 в шорте +0.8R, стоп 4267.5
GOLD-D в шорте -0.2R, стоп 4164.5
SPX-RSI5 нет сигнала (RSI2 97, цена 7,819)
SPX-DIP5 нет сигнала (RSI2 97, цена 7,819)
SPX-TOM нет сигнала (RSI2 97, цена 7,819)
SPX-MR  нет сигнала: IBS 0.66 (<0.2), RSI2 97 (<10), выше MA200
LOTTO   тихо: горячих 38 (проверено 8), пробоев 30д нет
TRAIL   ETH шорт @ 2656.40 | стоп -> 2592.82 | +3.6R | 17ч из 120

=== Сканер сетапов | 2026-10-07 15:04 (локальное) ===
ETH     внутри канала: пробой вверх > 2723.70 (+6.0%), вниз < 2537.60 (-1.3%) | цена 2570.40
ETH-VOL в шорте +0.1R, стоп 2,655.0
ETH-MOM в шорте +0.1R, стоп 2,639.6
ETH-DONCH в шорте +0.1R, стоп 2,648.4
BTCd-VOL в лонге +2.8R, стоп 79,085
BTCd-MOM в лонге +5.1R, стоп 79,085
BTCd-DONCH в лонге -0.2R, стоп 80,348
BTC-BOS нет сигнала (цена 83,413, ADX 26)
BTC-MOM в лонге -0.4R, стоп 82,518
BTC-DONCH нет сигнала (цена 83,413, ADX 26)
GOLD-D20 в шорте -0.2R, стоп 4302.0
GOLD-D55 внутри канала (4114-4697), цена 4166.5
GOLD-D10 в шорте +0.8R, стоп 4267.5
GOLD-D в шорте -0.0R, стоп 4164.5
SPX-RSI5 нет сигнала (RSI2 97, цена 7,819)
SPX-DIP5 нет сигнала (RSI2 97, цена 7,819)
SPX-TOM нет сигнала (RSI2 97, цена 7,819)
SPX-MR  нет сигнала: IBS 0.66 (<0.2), RSI2 97 (<10), выше MA200
LOTTO   тихо: горячих 38 (проверено 8), пробоев 30д нет
TRAIL   ETH шорт @ 2656.40 | стоп -> 2593.10 | +2.9R | 19ч из 120

=== Сканер сетапов | 2026-10-07 15:32 (локальное) ===
ETH     внутри канала: пробой вверх > 2723.70 (+6.0%), вниз < 2537.60 (-1.3%) | цена 2570.40
ETH-VOL в шорте +0.1R, стоп 2,655.0
ETH-MOM в шорте +0.1R, стоп 2,639.6
ETH-DONCH в шорте +0.1R, стоп 2,648.4
BTCd-VOL в лонге +2.8R, стоп 79,085
BTCd-MOM в лонге +5.1R, стоп 79,085
BTCd-DONCH в лонге -0.2R, стоп 80,348
BTC-BOS нет сигнала (цена 83,413, ADX 26)
BTC-MOM в лонге -0.4R, стоп 82,518
BTC-DONCH нет сигнала (цена 83,413, ADX 26)
GOLD-D20 в шорте -0.2R, стоп 4302.0
GOLD-D55 внутри канала (4114-4697), цена 4166.5
GOLD-D10 в шорте +0.8R, стоп 4267.5
GOLD-D в шорте -0.0R, стоп 4164.5
LOTTO   тихо: горячих 39 (проверено 8), пробоев 30д нет
TRAIL   ETH шорт @ 2656.40 | стоп -> 2593.10 | +2.9R | 20ч из 120

=== Сканер сетапов | 2026-10-07 16:00 (локальное) ===
ETH     внутри канала: пробой вверх > 2723.70 (+5.8%), вниз < 2537.60 (-1.4%) | цена 2573.40
ETH-VOL в шорте +0.1R, стоп 2,655.0
ETH-MOM в шорте +0.1R, стоп 2,639.6
ETH-DONCH в шорте +0.1R, стоп 2,648.4
BTCd-VOL в лонге +2.8R, стоп 79,085
BTCd-MOM в лонге +5.1R, стоп 79,085
BTCd-DONCH в лонге -0.2R, стоп 80,348
BTC-BOS нет сигнала (цена 83,413, ADX 26)
BTC-MOM в лонге -0.4R, стоп 82,518
BTC-DONCH нет сигнала (цена 83,413, ADX 26)
GOLD-D20 в шорте -0.2R, стоп 4302.0
GOLD-D55 внутри канала (4114-4697), цена 4166.5
GOLD-D10 в шорте +0.8R, стоп 4267.5
GOLD-D в шорте -0.2R, стоп 4164.5
LOTTO   тихо: горячих 39 (проверено 8), пробоев 30д нет
TRAIL   ETH шорт @ 2656.40 | стоп -> 2592.98 | +2.8R | 20ч из 120

=== Сканер сетапов | 2026-10-07 16:28 (локальное) ===
ETH     внутри канала: пробой вверх > 2723.70 (+5.8%), вниз < 2537.60 (-1.4%) | цена 2573.40
ETH-VOL в шорте +0.1R, стоп 2,655.0
ETH-MOM в шорте +0.1R, стоп 2,639.6
ETH-DONCH в шорте +0.1R, стоп 2,648.4
BTCd-VOL в лонге +2.8R, стоп 79,085
BTCd-MOM в лонге +5.1R, стоп 79,085
BTCd-DONCH в лонге -0.2R, стоп 80,348
BTC-BOS нет сигнала (цена 83,413, ADX 26)
BTC-MOM в лонге -0.4R, стоп 82,518
BTC-DONCH нет сигнала (цена 83,413, ADX 26)
GOLD-D20 в шорте -0.2R, стоп 4302.0
GOLD-D55 внутри канала (4114-4697), цена 4166.5
GOLD-D10 в шорте +0.8R, стоп 4267.5
GOLD-D в шорте -0.2R, стоп 4164.5
LOTTO   тихо: горячих 39 (проверено 8), пробоев 30д нет
TRAIL   ETH шорт @ 2656.40 | стоп -> 2592.98 | +2.8R | 20ч из 120

=== Сканер сетапов | 2026-10-07 16:56 (локальное) ===
ETH     внутри канала: пробой вверх > 2723.70 (+5.8%), вниз < 2537.60 (-1.4%) | цена 2573.40
ETH-VOL в шорте +0.1R, стоп 2,655.0
ETH-MOM в шорте +0.1R, стоп 2,639.6
ETH-DONCH в шорте +0.1R, стоп 2,648.4
BTCd-VOL в лонге +2.8R, стоп 79,085
BTCd-MOM в лонге +5.1R, стоп 79,085
BTCd-DONCH в лонге -0.2R, стоп 80,348
BTC-BOS нет сигнала (цена 83,413, ADX 26)
BTC-MOM в лонге -0.4R, стоп 82,518
BTC-DONCH нет сигнала (цена 83,413, ADX 26)
GOLD-D20 в шорте -0.2R, стоп 4302.0
GOLD-D55 внутри канала (4114-4697), цена 4166.5
GOLD-D10 в шорте +0.8R, стоп 4267.5
GOLD-D в шорте -0.2R, стоп 4164.5
LOTTO   тихо: горячих 38 (проверено 8), пробоев 30д нет
TRAIL   ETH шорт @ 2656.40 | стоп -> 2592.98 | +2.8R | 21ч из 120

=== Сканер сетапов | 2026-10-07 17:25 (локальное) ===
ETH     внутри канала: пробой вверх > 2723.70 (+6.1%), вниз < 2537.60 (-1.1%) | цена 2566.70
ETH-VOL в шорте +0.1R, стоп 2,655.0
ETH-MOM в шорте +0.1R, стоп 2,639.6
ETH-DONCH в шорте +0.1R, стоп 2,648.4
BTCd-VOL в лонге +2.8R, стоп 79,085
BTCd-MOM в лонге +5.1R, стоп 79,085
BTCd-DONCH в лонге -0.2R, стоп 80,348
BTC-BOS нет сигнала (цена 83,413, ADX 26)
BTC-MOM в лонге -0.4R, стоп 82,518
BTC-DONCH нет сигнала (цена 83,413, ADX 26)
GOLD-D20 в шорте -0.2R, стоп 4302.0
GOLD-D55 внутри канала (4114-4697), цена 4166.5
GOLD-D10 в шорте +0.8R, стоп 4267.5
GOLD-D в шорте -0.1R, стоп 4164.5
LOTTO   тихо: горячих 38 (проверено 8), пробоев 30д нет
TRAIL   ETH шорт @ 2656.40 | стоп -> 2592.89 | +3.0R | 21ч из 120

=== Сканер сетапов | 2026-10-07 17:53 (локальное) ===
ETH     внутри канала: пробой вверх > 2723.70 (+6.1%), вниз < 2537.60 (-1.1%) | цена 2566.70
ETH-VOL в шорте +0.1R, стоп 2,655.0
ETH-MOM в шорте +0.1R, стоп 2,639.6
ETH-DONCH в шорте +0.1R, стоп 2,648.4
BTCd-VOL в лонге +2.8R, стоп 79,085
BTCd-MOM в лонге +5.1R, стоп 79,085
BTCd-DONCH в лонге -0.2R, стоп 80,348
BTC-BOS нет сигнала (цена 83,413, ADX 26)
BTC-MOM в лонге -0.4R, стоп 82,518
BTC-DONCH нет сигнала (цена 83,413, ADX 26)
GOLD-D20 в шорте -0.2R, стоп 4302.0
GOLD-D55 внутри канала (4114-4697), цена 4166.5
GOLD-D10 в шорте +0.8R, стоп 4267.5
GOLD-D в шорте -0.1R, стоп 4164.5
LOTTO   тихо: горячих 39 (проверено 8), пробоев 30д нет
TRAIL   ETH шорт @ 2656.40 | стоп -> 2592.89 | +3.0R | 22ч из 120

=== Сканер сетапов | 2026-10-07 18:21 (локальное) ===
ETH     внутри канала: пробой вверх > 2723.70 (+6.0%), вниз < 2537.60 (-1.2%) | цена 2569.30
ETH-VOL в шорте +0.1R, стоп 2,655.0
ETH-MOM в шорте +0.1R, стоп 2,639.6
ETH-DONCH в шорте +0.1R, стоп 2,648.4
BTCd-VOL в лонге +2.8R, стоп 79,085
BTCd-MOM в лонге +5.1R, стоп 79,085
BTCd-DONCH в лонге -0.2R, стоп 80,348
BTC-BOS нет сигнала (цена 83,413, ADX 26)
BTC-MOM в лонге -0.4R, стоп 82,518
BTC-DONCH нет сигнала (цена 83,413, ADX 26)
GOLD-D20 в шорте -0.2R, стоп 4302.0
GOLD-D55 внутри канала (4114-4697), цена 4166.5
GOLD-D10 в шорте +0.8R, стоп 4267.5
GOLD-D в шорте -0.2R, стоп 4164.5
LOTTO   тихо: горячих 38 (проверено 8), пробоев 30д нет
TRAIL   ETH шорт @ 2656.40 | стоп -> 2593.11 | +2.9R | 22ч из 120

=== Сканер сетапов | 2026-10-07 18:49 (локальное) ===
ETH     внутри канала: пробой вверх > 2723.70 (+6.0%), вниз < 2537.60 (-1.2%) | цена 2569.30
ETH-VOL в шорте +0.1R, стоп 2,655.0
ETH-MOM в шорте +0.1R, стоп 2,639.6
ETH-DONCH в шорте +0.1R, стоп 2,648.4
BTCd-VOL в лонге +2.8R, стоп 79,085
BTCd-MOM в лонге +5.1R, стоп 79,085
BTCd-DONCH в лонге -0.2R, стоп 80,348
BTC-BOS нет сигнала (цена 83,413, ADX 26)
BTC-MOM в лонге -0.4R, стоп 82,518
BTC-DONCH нет сигнала (цена 83,413, ADX 26)
GOLD-D20 в шорте -0.2R, стоп 4302.0
GOLD-D55 внутри канала (4114-4697), цена 4166.5
GOLD-D10 в шорте +0.8R, стоп 4267.5
GOLD-D в шорте -0.2R, стоп 4164.5
LOTTO   тихо: горячих 38 (проверено 8), пробоев 30д нет
TRAIL   ETH шорт @ 2656.40 | стоп -> 2593.11 | +2.9R | 23ч из 120

=== Сканер сетапов | 2026-10-07 19:17 (локальное) ===
ETH     внутри канала: пробой вверх > 2723.70 (+5.8%), вниз < 2537.60 (-1.4%) | цена 2573.40
ETH-VOL в шорте +0.1R, стоп 2,655.0
ETH-MOM в шорте +0.1R, стоп 2,639.6
ETH-DONCH в шорте +0.1R, стоп 2,648.4
BTCd-VOL в лонге +2.3R, стоп 79,085
BTCd-MOM в лонге +4.4R, стоп 79,085
BTCd-DONCH в лонге -0.5R, стоп 80,348
BTC-BOS нет сигнала (цена 83,302, ADX 28)
BTC-MOM в лонге -0.5R, стоп 82,518
BTC-DONCH нет сигнала (цена 83,302, ADX 28)
GOLD-D20 в шорте +0.1R, стоп 4238.8
GOLD-D55 внутри канала (4109-4697), цена 4110.9
GOLD-D10 в шорте +1.1R, стоп 4238.8
GOLD-D в шорте -0.1R, стоп 4164.5
LOTTO   MET: оборот 1.8x OI + пробой 30д максимума
TRAIL   ETH шорт @ 2656.40 | стоп -> 2592.96 | +2.8R | 23ч из 120

=== Сканер сетапов | 2026-10-07 19:19 (локальное) ===
ETH     внутри канала: пробой вверх > 2723.70 (+5.8%), вниз < 2537.60 (-1.4%) | цена 2573.40
ETH-VOL в шорте +0.1R, стоп 2,655.0
ETH-MOM в шорте +0.1R, стоп 2,639.6
ETH-DONCH в шорте +0.1R, стоп 2,648.4
BTCd-VOL в лонге +2.3R, стоп 79,085
BTCd-MOM в лонге +4.4R, стоп 79,085
BTCd-DONCH в лонге -0.5R, стоп 80,348
BTC-BOS нет сигнала (цена 83,302, ADX 28)
BTC-MOM в лонге -0.5R, стоп 82,518
BTC-DONCH нет сигнала (цена 83,302, ADX 28)
GOLD-D20 в шорте +0.1R, стоп 4238.8
GOLD-D55 внутри канала (4109-4697), цена 4110.9
GOLD-D10 в шорте +1.1R, стоп 4238.8
GOLD-D в шорте -0.1R, стоп 4164.5
LOTTO   тихо: горячих 39 (проверено 8), пробоев 30д нет
TRAIL   ETH шорт @ 2656.40 | стоп -> 2592.96 | +2.8R | 23ч из 120

=== Сканер сетапов | 2026-10-07 19:47 (локальное) ===
ETH     внутри канала: пробой вверх > 2723.70 (+5.8%), вниз < 2537.60 (-1.4%) | цена 2573.40
ETH-VOL в шорте +0.1R, стоп 2,655.0
ETH-MOM в шорте +0.1R, стоп 2,639.6
ETH-DONCH в шорте +0.1R, стоп 2,648.4
BTCd-VOL в лонге +2.3R, стоп 79,085
BTCd-MOM в лонге +4.4R, стоп 79,085
BTCd-DONCH в лонге -0.5R, стоп 80,348
BTC-BOS нет сигнала (цена 83,302, ADX 28)
BTC-MOM в лонге -0.5R, стоп 82,518
BTC-DONCH нет сигнала (цена 83,302, ADX 28)
GOLD-D20 в шорте +0.1R, стоп 4238.8
GOLD-D55 внутри канала (4109-4697), цена 4110.9
GOLD-D10 в шорте +1.1R, стоп 4238.8
GOLD-D в шорте -0.1R, стоп 4164.5
LOTTO   тихо: горячих 38 (проверено 8), пробоев 30д нет
TRAIL   ETH шорт @ 2656.40 | стоп -> 2592.96 | +2.8R | 24ч из 120

=== Сканер сетапов | 2026-10-07 20:15 (локальное) ===
ETH     внутри канала: пробой вверх > 2723.70 (+5.8%), вниз < 2537.60 (-1.5%) | цена 2575.10
ETH-VOL в шорте +0.1R, стоп 2,655.0
ETH-MOM в шорте +0.1R, стоп 2,639.6
ETH-DONCH в шорте +0.1R, стоп 2,648.4
BTCd-VOL в лонге +2.3R, стоп 79,085
BTCd-MOM в лонге +4.4R, стоп 79,085
BTCd-DONCH в лонге -0.5R, стоп 80,348
BTC-BOS нет сигнала (цена 83,302, ADX 28)
BTC-MOM в лонге -0.5R, стоп 82,518
BTC-DONCH нет сигнала (цена 83,302, ADX 28)
GOLD-D20 в шорте +0.1R, стоп 4238.8
GOLD-D55 внутри канала (4109-4697), цена 4110.9
GOLD-D10 в шорте +1.1R, стоп 4238.8
GOLD-D в шорте -0.3R, стоп 4164.5
LOTTO   тихо: горячих 38 (проверено 8), пробоев 30д нет
TRAIL   ETH шорт @ 2656.40 | стоп -> 2593.42 | +2.6R | 24ч из 120

=== Сканер сетапов | 2026-10-07 20:43 (локальное) ===
ETH     внутри канала: пробой вверх > 2723.70 (+5.8%), вниз < 2537.60 (-1.5%) | цена 2575.10
ETH-VOL в шорте +0.1R, стоп 2,655.0
ETH-MOM в шорте +0.1R, стоп 2,639.6
ETH-DONCH в шорте +0.1R, стоп 2,648.4
BTCd-VOL в лонге +2.3R, стоп 79,085
BTCd-MOM в лонге +4.4R, стоп 79,085
BTCd-DONCH в лонге -0.5R, стоп 80,348
BTC-BOS нет сигнала (цена 83,302, ADX 28)
BTC-MOM в лонге -0.5R, стоп 82,518
BTC-DONCH нет сигнала (цена 83,302, ADX 28)
GOLD-D20 в шорте +0.1R, стоп 4238.8
GOLD-D55 внутри канала (4109-4697), цена 4110.9
GOLD-D10 в шорте +1.1R, стоп 4238.8
GOLD-D в шорте -0.5R, стоп 4164.5
LOTTO   тихо: горячих 37 (проверено 8), пробоев 30д нет
TRAIL   ETH шорт @ 2656.40 | стоп -> 2593.42 | +2.6R | 25ч из 120

=== Сканер сетапов | 2026-10-07 21:11 (локальное) ===
ETH     внутри канала: пробой вверх > 2723.70 (+5.7%), вниз < 2537.60 (-1.5%) | цена 2576.60
ETH-VOL в шорте +0.1R, стоп 2,655.0
ETH-MOM в шорте +0.1R, стоп 2,639.6
ETH-DONCH в шорте +0.1R, стоп 2,648.4
BTCd-VOL в лонге +2.3R, стоп 79,085
BTCd-MOM в лонге +4.4R, стоп 79,085
BTCd-DONCH в лонге -0.5R, стоп 80,348
BTC-BOS нет сигнала (цена 83,302, ADX 28)
BTC-MOM в лонге -0.5R, стоп 82,518
BTC-DONCH нет сигнала (цена 83,302, ADX 28)
GOLD-D20 в шорте +0.1R, стоп 4238.8
GOLD-D55 внутри канала (4109-4697), цена 4110.9
GOLD-D10 в шорте +1.1R, стоп 4238.8
GOLD-D в шорте -0.6R, стоп 4164.5
LOTTO   тихо: горячих 37 (проверено 8), пробоев 30д нет
TRAIL   ETH шорт @ 2656.40 | стоп -> 2593.46 | +2.5R | 25ч из 120

=== Сканер сетапов | 2026-10-07 21:39 (локальное) ===
ETH     внутри канала: пробой вверх > 2723.70 (+5.7%), вниз < 2537.60 (-1.5%) | цена 2576.60
ETH-VOL в шорте +0.1R, стоп 2,655.0
ETH-MOM в шорте +0.1R, стоп 2,639.6
ETH-DONCH в шорте +0.1R, стоп 2,648.4
BTCd-VOL в лонге +2.3R, стоп 79,085
BTCd-MOM в лонге +4.4R, стоп 79,085
BTCd-DONCH в лонге -0.5R, стоп 80,348
BTC-BOS нет сигнала (цена 83,302, ADX 28)
BTC-MOM в лонге -0.5R, стоп 82,518
BTC-DONCH нет сигнала (цена 83,302, ADX 28)
GOLD-D20 в шорте +0.1R, стоп 4238.8
GOLD-D55 внутри канала (4109-4697), цена 4110.9
GOLD-D10 в шорте +1.1R, стоп 4238.8
GOLD-D в шорте -0.6R, стоп 4164.5
LOTTO   тихо: горячих 37 (проверено 8), пробоев 30д нет
TRAIL   ETH шорт @ 2656.40 | стоп -> 2593.46 | +2.5R | 26ч из 120

=== Сканер сетапов | 2026-10-07 22:08 (локальное) ===
ETH     внутри канала: пробой вверх > 2723.70 (+5.6%), вниз < 2537.60 (-1.6%) | цена 2579.20
ETH-VOL в шорте +0.1R, стоп 2,655.0
ETH-MOM в шорте +0.1R, стоп 2,639.6
ETH-DONCH в шорте +0.1R, стоп 2,648.4
BTCd-VOL в лонге +2.3R, стоп 79,085
BTCd-MOM в лонге +4.4R, стоп 79,085
BTCd-DONCH в лонге -0.5R, стоп 80,348
BTC-BOS нет сигнала (цена 83,302, ADX 28)
BTC-MOM в лонге -0.5R, стоп 82,518
BTC-DONCH нет сигнала (цена 83,302, ADX 28)
GOLD-D20 в шорте +0.1R, стоп 4238.8
GOLD-D55 внутри канала (4109-4697), цена 4110.9
GOLD-D10 в шорте +1.1R, стоп 4238.8
GOLD-D в шорте -0.5R, стоп 4164.5
LOTTO   тихо: горячих 37 (проверено 8), пробоев 30д нет
TRAIL   ETH шорт @ 2656.40 | стоп -> 2593.57 | +2.4R | 26ч из 120

=== Сканер сетапов | 2026-10-07 22:36 (локальное) ===
ETH     внутри канала: пробой вверх > 2723.70 (+5.6%), вниз < 2537.60 (-1.6%) | цена 2579.20
ETH-VOL в шорте +0.1R, стоп 2,655.0
ETH-MOM в шорте +0.1R, стоп 2,639.6
ETH-DONCH в шорте +0.1R, стоп 2,648.4
BTCd-VOL в лонге +2.3R, стоп 79,085
BTCd-MOM в лонге +4.4R, стоп 79,085
BTCd-DONCH в лонге -0.5R, стоп 80,348
BTC-BOS нет сигнала (цена 83,302, ADX 28)
BTC-MOM в лонге -0.5R, стоп 82,518
BTC-DONCH нет сигнала (цена 83,302, ADX 28)
GOLD-D20 в шорте +0.1R, стоп 4238.8
GOLD-D55 внутри канала (4109-4697), цена 4110.9
GOLD-D10 в шорте +1.1R, стоп 4238.8
GOLD-D в шорте -0.5R, стоп 4164.5
LOTTO   тихо: горячих 36 (проверено 8), пробоев 30д нет
TRAIL   ETH шорт @ 2656.40 | стоп -> 2593.57 | +2.4R | 27ч из 120

=== Сканер сетапов | 2026-10-07 23:04 (локальное) ===
ETH     внутри канала: пробой вверх > 2723.70 (+6.3%), вниз < 2537.60 (-1.0%) | цена 2563.10
ETH-VOL в шорте +0.2R, стоп 2,653.1
ETH-MOM в шорте +0.2R, стоп 2,639.6
ETH-DONCH в шорте +0.2R, стоп 2,638.1
BTCd-VOL в лонге +2.3R, стоп 79,085
BTCd-MOM в лонге +4.4R, стоп 79,085
BTCd-DONCH в лонге -0.5R, стоп 80,348
BTC-BOS нет сигнала (цена 82,728, ADX 30)
BTC-MOM в лонге -0.9R, стоп 82,518
BTC-DONCH >>> ШОРТ вход ~82,728
GOLD-D20 в шорте +0.1R, стоп 4238.8
GOLD-D55 внутри канала (4109-4697), цена 4110.9
GOLD-D10 в шорте +1.1R, стоп 4238.8
GOLD-D в шорте -0.6R, стоп 4164.5
LOTTO   тихо: горячих 36 (проверено 8), пробоев 30д нет
TRAIL   ETH шорт @ 2656.40 | стоп -> 2593.64 | +2.9R | 27ч из 120

=== Сканер сетапов | 2026-10-07 23:32 (локальное) ===
ETH     внутри канала: пробой вверх > 2723.70 (+6.3%), вниз < 2537.60 (-1.0%) | цена 2563.10
ETH-VOL в шорте +0.2R, стоп 2,653.1
ETH-MOM в шорте +0.2R, стоп 2,639.6
ETH-DONCH в шорте +0.2R, стоп 2,638.1
BTCd-VOL в лонге +2.3R, стоп 79,085
BTCd-MOM в лонге +4.4R, стоп 79,085
BTCd-DONCH в лонге -0.5R, стоп 80,348
BTC-BOS нет сигнала (цена 82,728, ADX 30)
BTC-MOM в лонге -0.9R, стоп 82,518
BTC-DONCH в шорте -0.0R, стоп 84,673
GOLD-D20 в шорте +0.1R, стоп 4238.8
GOLD-D55 внутри канала (4109-4697), цена 4110.9
GOLD-D10 в шорте +1.1R, стоп 4238.8
GOLD-D в шорте -0.6R, стоп 4164.5
LOTTO   тихо: горячих 37 (проверено 8), пробоев 30д нет
TRAIL   ETH шорт @ 2656.40 | стоп -> 2593.64 | +2.9R | 28ч из 120

=== Сканер сетапов | 2026-10-08 01:29 (локальное) ===
ETH     внутри канала: пробой вверх > 2723.70 (+6.4%), вниз < 2537.60 (-0.9%) | цена 2560.50
ETH-VOL в шорте +0.2R, стоп 2,653.1
ETH-MOM в шорте +0.2R, стоп 2,639.6
ETH-DONCH в шорте +0.2R, стоп 2,638.1
BTCd-VOL в лонге +2.3R, стоп 79,085
BTCd-MOM в лонге +4.4R, стоп 79,085
BTCd-DONCH в лонге -0.5R, стоп 80,348
BTC-BOS нет сигнала (цена 82,728, ADX 30)
BTC-MOM в лонге -0.9R, стоп 82,518
BTC-DONCH в шорте -0.0R, стоп 84,673
GOLD-D20 в шорте +0.1R, стоп 4238.8
GOLD-D55 внутри канала (4109-4697), цена 4110.9
GOLD-D10 в шорте +1.1R, стоп 4238.8
GOLD-D в шорте -0.2R, стоп 4164.5
LOTTO   тихо: горячих 39 (проверено 8), пробоев 30д нет
TRAIL   ETH шорт @ 2656.40 | стоп -> 2593.73 | +3.0R | 29ч из 120

=== Сканер сетапов | 2026-10-08 01:57 (локальное) ===
ETH     внутри канала: пробой вверх > 2723.70 (+6.4%), вниз < 2537.60 (-0.9%) | цена 2560.50
ETH-VOL в шорте +0.2R, стоп 2,653.1
ETH-MOM в шорте +0.2R, стоп 2,639.6
ETH-DONCH в шорте +0.2R, стоп 2,638.1
BTCd-VOL в лонге +2.3R, стоп 79,085
BTCd-MOM в лонге +4.4R, стоп 79,085
BTCd-DONCH в лонге -0.5R, стоп 80,348
BTC-BOS нет сигнала (цена 82,728, ADX 30)
BTC-MOM в лонге -0.9R, стоп 82,518
BTC-DONCH в шорте -0.0R, стоп 84,673
GOLD-D20 в шорте +0.1R, стоп 4238.8
GOLD-D55 внутри канала (4109-4697), цена 4110.9
GOLD-D10 в шорте +1.1R, стоп 4238.8
GOLD-D в шорте -0.3R, стоп 4164.5
LOTTO   тихо: горячих 40 (проверено 8), пробоев 30д нет
TRAIL   ETH шорт @ 2656.40 | стоп -> 2593.73 | +3.0R | 30ч из 120

=== Сканер сетапов | 2026-10-08 02:25 (локальное) ===
ETH     внутри канала: пробой вверх > 2723.70 (+6.2%), вниз < 2537.60 (-1.1%) | цена 2565.80
ETH-VOL в шорте +0.2R, стоп 2,653.1
ETH-MOM в шорте +0.2R, стоп 2,639.6
ETH-DONCH в шорте +0.2R, стоп 2,638.1
BTCd-VOL в лонге +2.3R, стоп 79,085
BTCd-MOM в лонге +4.4R, стоп 79,085
BTCd-DONCH в лонге -0.5R, стоп 80,348
BTC-BOS нет сигнала (цена 82,728, ADX 30)
BTC-MOM в лонге -0.9R, стоп 82,518
BTC-DONCH в шорте -0.0R, стоп 84,673
GOLD-D20 в шорте +0.1R, стоп 4238.8
GOLD-D55 внутри канала (4109-4697), цена 4110.9
GOLD-D10 в шорте +1.1R, стоп 4238.8
GOLD-D в шорте -0.4R, стоп 4164.5
LOTTO   тихо: горячих 40 (проверено 8), пробоев 30д нет
TRAIL   ETH шорт @ 2656.40 | стоп -> 2593.33 | +2.9R | 30ч из 120

=== Сканер сетапов | 2026-10-08 02:53 (локальное) ===
ETH     внутри канала: пробой вверх > 2723.70 (+6.2%), вниз < 2537.60 (-1.1%) | цена 2565.80
ETH-VOL в шорте +0.2R, стоп 2,653.1
ETH-MOM в шорте +0.2R, стоп 2,639.6
ETH-DONCH в шорте +0.2R, стоп 2,638.1
BTCd-VOL в лонге +2.3R, стоп 79,085
BTCd-MOM в лонге +4.4R, стоп 79,085
BTCd-DONCH в лонге -0.5R, стоп 80,348
BTC-BOS нет сигнала (цена 82,728, ADX 30)
BTC-MOM в лонге -0.9R, стоп 82,518
BTC-DONCH в шорте -0.0R, стоп 84,673
GOLD-D20 в шорте +0.1R, стоп 4238.8
GOLD-D55 внутри канала (4109-4697), цена 4110.9
GOLD-D10 в шорте +1.1R, стоп 4238.8
GOLD-D в шорте -0.3R, стоп 4164.5
LOTTO   тихо: горячих 40 (проверено 8), пробоев 30д нет
TRAIL   ETH шорт @ 2656.40 | стоп -> 2593.33 | +2.9R | 31ч из 120

=== Сканер сетапов | 2026-10-08 03:21 (локальное) ===
ETH     внутри канала: пробой вверх > 2723.70 (+6.1%), вниз < 2537.60 (-1.2%) | цена 2567.20
ETH-VOL в шорте +0.1R, стоп 2,653.1
ETH-MOM в шорте +0.2R, стоп 2,639.6
ETH-DONCH в шорте +0.1R, стоп 2,638.1
BTCd-VOL в лонге +2.3R, стоп 79,085
BTCd-MOM в лонге +4.4R, стоп 79,085
BTCd-DONCH в лонге -0.5R, стоп 80,348
BTC-BOS нет сигнала (цена 82,965, ADX 33)
BTC-MOM закрыт (трейлинг-стоп): -1.00R
BTC-DONCH в шорте -0.1R, стоп 84,673
GOLD-D20 в шорте +0.1R, стоп 4238.8
GOLD-D55 внутри канала (4109-4697), цена 4110.9
GOLD-D10 в шорте +1.1R, стоп 4238.8
GOLD-D в шорте -0.3R, стоп 4164.5
LOTTO   тихо: горячих 40 (проверено 8), пробоев 30д нет
TRAIL   ETH шорт @ 2656.40 | стоп -> 2593.74 | +2.8R | 31ч из 120

=== Сканер сетапов | 2026-10-08 03:49 (локальное) ===
ETH     внутри канала: пробой вверх > 2723.70 (+6.1%), вниз < 2537.60 (-1.2%) | цена 2567.20
ETH-VOL в шорте +0.1R, стоп 2,653.1
ETH-MOM в шорте +0.2R, стоп 2,639.6
ETH-DONCH в шорте +0.1R, стоп 2,638.1
BTCd-VOL в лонге +2.3R, стоп 79,085
BTCd-MOM в лонге +4.4R, стоп 79,085
BTCd-DONCH в лонге -0.5R, стоп 80,348
BTC-BOS нет сигнала (цена 82,965, ADX 33)
BTC-MOM нет сигнала (цена 82,965, ADX 33)
BTC-DONCH в шорте -0.1R, стоп 84,673
GOLD-D20 в шорте +0.1R, стоп 4238.8
GOLD-D55 внутри канала (4109-4697), цена 4110.9
GOLD-D10 в шорте +1.1R, стоп 4238.8
GOLD-D в шорте -0.3R, стоп 4164.5
LOTTO   тихо: горячих 40 (проверено 8), пробоев 30д нет
TRAIL   ETH шорт @ 2656.40 | стоп -> 2593.74 | +2.8R | 32ч из 120

=== Сканер сетапов | 2026-10-08 04:17 (локальное) ===
ETH     внутри канала: пробой вверх > 2723.70 (+6.5%), вниз < 2537.60 (-0.8%) | цена 2558.60
ETH-VOL в шорте +0.1R, стоп 2,653.1
ETH-MOM в шорте +0.2R, стоп 2,639.6
ETH-DONCH в шорте +0.1R, стоп 2,638.1
BTCd-VOL в лонге +2.3R, стоп 79,085
BTCd-MOM в лонге +4.4R, стоп 79,085
BTCd-DONCH в лонге -0.5R, стоп 80,348
BTC-BOS нет сигнала (цена 82,965, ADX 33)
BTC-MOM нет сигнала (цена 82,965, ADX 33)
BTC-DONCH в шорте -0.1R, стоп 84,673
GOLD-D20 в шорте +0.1R, стоп 4238.8
GOLD-D55 внутри канала (4109-4697), цена 4110.9
GOLD-D10 в шорте +1.1R, стоп 4238.8
GOLD-D в шорте -0.4R, стоп 4164.5
LOTTO   тихо: горячих 40 (проверено 8), пробоев 30д нет
TRAIL   ETH шорт @ 2656.40 | стоп -> 2593.14 | +3.2R | 32ч из 120

=== Сканер сетапов | 2026-10-08 04:45 (локальное) ===
ETH     внутри канала: пробой вверх > 2723.70 (+6.5%), вниз < 2537.60 (-0.8%) | цена 2558.60
ETH-VOL в шорте +0.1R, стоп 2,653.1
ETH-MOM в шорте +0.2R, стоп 2,639.6
ETH-DONCH в шорте +0.1R, стоп 2,638.1
BTCd-VOL в лонге +2.3R, стоп 79,085
BTCd-MOM в лонге +4.4R, стоп 79,085
BTCd-DONCH в лонге -0.5R, стоп 80,348
BTC-BOS нет сигнала (цена 82,965, ADX 33)
BTC-MOM нет сигнала (цена 82,965, ADX 33)
BTC-DONCH в шорте -0.1R, стоп 84,673
GOLD-D20 в шорте +0.1R, стоп 4238.8
GOLD-D55 внутри канала (4109-4697), цена 4110.9
GOLD-D10 в шорте +1.1R, стоп 4238.8
GOLD-D в шорте -0.3R, стоп 4164.5
LOTTO   тихо: горячих 39 (проверено 8), пробоев 30д нет
TRAIL   ETH шорт @ 2656.40 | стоп -> 2593.14 | +3.2R | 33ч из 120

=== Сканер сетапов | 2026-10-08 05:13 (локальное) ===
ETH     внутри канала: пробой вверх > 2723.70 (+6.1%), вниз < 2537.60 (-1.1%) | цена 2566.80
ETH-VOL в шорте +0.1R, стоп 2,653.1
ETH-MOM в шорте +0.2R, стоп 2,639.6
ETH-DONCH в шорте +0.1R, стоп 2,638.1
BTCd-VOL в лонге +2.3R, стоп 79,085
BTCd-MOM в лонге +4.4R, стоп 79,085
BTCd-DONCH в лонге -0.5R, стоп 80,348
BTC-BOS нет сигнала (цена 82,965, ADX 33)
BTC-MOM нет сигнала (цена 82,965, ADX 33)
BTC-DONCH в шорте -0.1R, стоп 84,673
GOLD-D20 в шорте +0.1R, стоп 4238.8
GOLD-D55 внутри канала (4109-4697), цена 4110.9
GOLD-D10 в шорте +1.1R, стоп 4238.8
GOLD-D в шорте -0.3R, стоп 4164.5
LOTTO   тихо: горячих 41 (проверено 8), пробоев 30д нет
TRAIL   ETH шорт @ 2656.40 | стоп -> 2593.23 | +2.9R | 33ч из 120

=== Сканер сетапов | 2026-10-08 05:41 (локальное) ===
ETH     внутри канала: пробой вверх > 2723.70 (+6.1%), вниз < 2537.60 (-1.1%) | цена 2566.80
ETH-VOL в шорте +0.1R, стоп 2,653.1
ETH-MOM в шорте +0.2R, стоп 2,639.6
ETH-DONCH в шорте +0.1R, стоп 2,638.1
BTCd-VOL в лонге +2.3R, стоп 79,085
BTCd-MOM в лонге +4.4R, стоп 79,085
BTCd-DONCH в лонге -0.5R, стоп 80,348
BTC-BOS нет сигнала (цена 82,965, ADX 33)
BTC-MOM нет сигнала (цена 82,965, ADX 33)
BTC-DONCH в шорте -0.1R, стоп 84,673
GOLD-D20 в шорте +0.1R, стоп 4238.8
GOLD-D55 внутри канала (4109-4697), цена 4110.9
GOLD-D10 в шорте +1.1R, стоп 4238.8
GOLD-D в шорте -0.1R, стоп 4164.5
LOTTO   тихо: горячих 38 (проверено 8), пробоев 30д нет
TRAIL   ETH шорт @ 2656.40 | стоп -> 2593.23 | +2.9R | 34ч из 120

=== Сканер сетапов | 2026-10-08 08:55 (локальное) ===
ETH     внутри канала: пробой вверх > 2723.70 (+7.7%), вниз < 2525.20 (-0.1%) | цена 2528.50
ETH-VOL в шорте +0.5R, стоп 2,629.3
ETH-MOM в шорте +0.7R, стоп 2,629.3
ETH-DONCH в шорте +0.5R, стоп 2,613.8
BTCd-VOL в лонге +2.3R, стоп 79,085
BTCd-MOM в лонге +4.4R, стоп 79,085
BTCd-DONCH в лонге -0.5R, стоп 80,348
BTC-BOS нет сигнала (цена 82,468, ADX 35)
BTC-MOM нет сигнала (цена 82,468, ADX 35)
BTC-DONCH в шорте +0.1R, стоп 84,673
GOLD-D20 в шорте +0.1R, стоп 4238.8
GOLD-D55 внутри канала (4109-4697), цена 4110.9
GOLD-D10 в шорте +1.1R, стоп 4238.8
GOLD-D в шорте -0.5R, стоп 4164.5
SPX-RSI5 нет сигнала (RSI2 70, цена 7,802)
SPX-DIP5 нет сигнала (RSI2 70, цена 7,802)
SPX-TOM нет сигнала (RSI2 70, цена 7,802)
SPX-MR  нет сигнала: IBS 0.54 (<0.2), RSI2 66 (<10), выше MA200
LOTTO   тихо: горячих 39 (проверено 8), пробоев 30д нет
TRAIL   ETH шорт @ 2656.40 | стоп -> 2570.37 | +4.0R | 37ч из 120

=== Сканер сетапов | 2026-10-08 09:23 (локальное) ===
ETH     внутри канала: пробой вверх > 2723.70 (+8.1%), вниз < 2515.50 (-0.2%) | цена 2520.70
ETH-VOL в шорте +0.5R, стоп 2,629.3
ETH-MOM в шорте +0.7R, стоп 2,629.3
ETH-DONCH в шорте +0.5R, стоп 2,613.8
BTCd-VOL в лонге +2.3R, стоп 79,085
BTCd-MOM в лонге +4.4R, стоп 79,085
BTCd-DONCH в лонге -0.5R, стоп 80,348
BTC-BOS нет сигнала (цена 82,468, ADX 35)
BTC-MOM нет сигнала (цена 82,468, ADX 35)
BTC-DONCH в шорте +0.1R, стоп 84,673
GOLD-D20 в шорте +0.1R, стоп 4238.8
GOLD-D55 внутри канала (4109-4697), цена 4110.9
GOLD-D10 в шорте +1.1R, стоп 4238.8
GOLD-D в шорте -0.5R, стоп 4164.5
SPX-RSI5 нет сигнала (RSI2 70, цена 7,802)
SPX-DIP5 нет сигнала (RSI2 70, цена 7,802)
SPX-TOM нет сигнала (RSI2 70, цена 7,802)
SPX-MR  нет сигнала: IBS 0.54 (<0.2), RSI2 66 (<10), выше MA200
LOTTO   тихо: горячих 40 (проверено 8), пробоев 30д нет
TRAIL   ETH шорт @ 2656.40 | стоп -> 2566.63 | +3.9R | 37ч из 120

=== Сканер сетапов | 2026-10-08 09:51 (локальное) ===
ETH     внутри канала: пробой вверх > 2723.70 (+8.1%), вниз < 2515.50 (-0.2%) | цена 2520.70
ETH-VOL в шорте +0.5R, стоп 2,629.3
ETH-MOM в шорте +0.7R, стоп 2,629.3
ETH-DONCH в шорте +0.5R, стоп 2,613.8
BTCd-VOL в лонге +2.3R, стоп 79,085
BTCd-MOM в лонге +4.4R, стоп 79,085
BTCd-DONCH в лонге -0.5R, стоп 80,348
BTC-BOS нет сигнала (цена 82,468, ADX 35)
BTC-MOM нет сигнала (цена 82,468, ADX 35)
BTC-DONCH в шорте +0.1R, стоп 84,673
GOLD-D20 в шорте +0.1R, стоп 4238.8
GOLD-D55 внутри канала (4109-4697), цена 4110.9
GOLD-D10 в шорте +1.1R, стоп 4238.8
GOLD-D в шорте -0.4R, стоп 4164.5
SPX-RSI5 нет сигнала (RSI2 70, цена 7,802)
SPX-DIP5 нет сигнала (RSI2 70, цена 7,802)
SPX-TOM нет сигнала (RSI2 70, цена 7,802)
SPX-MR  нет сигнала: IBS 0.54 (<0.2), RSI2 66 (<10), выше MA200
LOTTO   тихо: горячих 41 (проверено 8), пробоев 30д нет
TRAIL   ETH шорт @ 2656.40 | стоп -> 2566.63 | +3.9R | 38ч из 120

=== Сканер сетапов | 2026-10-08 10:20 (локальное) ===
ETH     внутри канала: пробой вверх > 2723.70 (+7.6%), вниз < 2502.70 (-1.1%) | цена 2530.80
ETH-VOL в шорте +0.5R, стоп 2,629.3
ETH-MOM в шорте +0.7R, стоп 2,629.3
ETH-DONCH в шорте +0.5R, стоп 2,613.8
BTCd-VOL в лонге +2.3R, стоп 79,085
BTCd-MOM в лонге +4.4R, стоп 79,085
BTCd-DONCH в лонге -0.5R, стоп 80,348
BTC-BOS нет сигнала (цена 82,468, ADX 35)
BTC-MOM нет сигнала (цена 82,468, ADX 35)
BTC-DONCH в шорте +0.1R, стоп 84,673
GOLD-D20 в шорте +0.1R, стоп 4238.8
GOLD-D55 внутри канала (4109-4697), цена 4110.9
GOLD-D10 в шорте +1.1R, стоп 4238.8
GOLD-D в шорте -0.2R, стоп 4164.5
SPX-RSI5 нет сигнала (RSI2 70, цена 7,802)
SPX-DIP5 нет сигнала (RSI2 70, цена 7,802)
SPX-TOM нет сигнала (RSI2 70, цена 7,802)
SPX-MR  нет сигнала: IBS 0.54 (<0.2), RSI2 66 (<10), выше MA200
LOTTO   тихо: горячих 44 (проверено 8), пробоев 30д нет
TRAIL   ETH шорт @ 2656.40 | стоп -> 2566.33 | +4.1R | 38ч из 120

=== Сканер сетапов | 2026-10-08 10:48 (локальное) ===
ETH     внутри канала: пробой вверх > 2723.70 (+7.6%), вниз < 2502.70 (-1.1%) | цена 2530.80
ETH-VOL в шорте +0.5R, стоп 2,629.3
ETH-MOM в шорте +0.7R, стоп 2,629.3
ETH-DONCH в шорте +0.5R, стоп 2,613.8
BTCd-VOL в лонге +2.3R, стоп 79,085
BTCd-MOM в лонге +4.4R, стоп 79,085
BTCd-DONCH в лонге -0.5R, стоп 80,348
BTC-BOS нет сигнала (цена 82,468, ADX 35)
BTC-MOM нет сигнала (цена 82,468, ADX 35)
BTC-DONCH в шорте +0.1R, стоп 84,673
GOLD-D20 в шорте +0.1R, стоп 4238.8
GOLD-D55 внутри канала (4109-4697), цена 4110.9
GOLD-D10 в шорте +1.1R, стоп 4238.8
GOLD-D в шорте -0.2R, стоп 4164.5
SPX-RSI5 нет сигнала (RSI2 70, цена 7,802)
SPX-DIP5 нет сигнала (RSI2 70, цена 7,802)
SPX-TOM нет сигнала (RSI2 70, цена 7,802)
SPX-MR  нет сигнала: IBS 0.54 (<0.2), RSI2 66 (<10), выше MA200
LOTTO   тихо: горячих 47 (проверено 8), пробоев 30д нет
TRAIL   ETH шорт @ 2656.40 | стоп -> 2566.33 | +4.1R | 39ч из 120

=== Сканер сетапов | 2026-10-08 11:16 (локальное) ===
ETH     в позиции (ШОРТ), повторный пробой подавлен - ведём трейлинг
ETH-VOL в шорте +1.9R, стоп 2,544.5
ETH-MOM в шорте +2.3R, стоп 2,544.5
ETH-DONCH в шорте +1.9R, стоп 2,526.1
BTCd-VOL в лонге +2.3R, стоп 79,085
BTCd-MOM в лонге +4.4R, стоп 79,085
BTCd-DONCH в лонге -0.5R, стоп 80,348
BTC-BOS >>> ШОРТ вход ~81,009
BTC-MOM >>> ШОРТ вход ~81,009
BTC-DONCH в шорте +0.9R, стоп 83,647
GOLD-D20 в шорте +0.1R, стоп 4238.8
GOLD-D55 внутри канала (4109-4697), цена 4110.9
GOLD-D10 в шорте +1.1R, стоп 4238.8
GOLD-D в шорте -0.2R, стоп 4164.5
SPX-RSI5 нет сигнала (RSI2 70, цена 7,802)
SPX-DIP5 нет сигнала (RSI2 70, цена 7,802)
SPX-TOM нет сигнала (RSI2 70, цена 7,802)
SPX-MR  нет сигнала: IBS 0.54 (<0.2), RSI2 66 (<10), выше MA200
LOTTO   тихо: горячих 49 (проверено 8), пробоев 30д нет
TRAIL   ETH шорт @ 2656.40 | стоп -> 2494.74 | +6.9R | 39ч из 120

=== Сканер сетапов | 2026-10-08 11:44 (локальное) ===
ETH     в позиции (ШОРТ), повторный пробой подавлен - ведём трейлинг
ETH-VOL в шорте +1.9R, стоп 2,544.5
ETH-MOM в шорте +2.3R, стоп 2,544.5
ETH-DONCH закрыт (трейлинг-стоп): +0.67R
BTCd-VOL в лонге +2.3R, стоп 79,085
BTCd-MOM в лонге +4.4R, стоп 79,085
BTCd-DONCH в лонге -0.5R, стоп 80,348
BTC-BOS в шорте -0.0R, стоп 82,768
BTC-MOM в шорте -0.0R, стоп 82,768
BTC-DONCH в шорте +0.9R, стоп 83,647
GOLD-D20 в шорте +0.1R, стоп 4238.8
GOLD-D55 внутри канала (4109-4697), цена 4110.9
GOLD-D10 в шорте +1.1R, стоп 4238.8
GOLD-D в шорте -0.2R, стоп 4164.5
SPX-RSI5 нет сигнала (RSI2 70, цена 7,802)
SPX-DIP5 нет сигнала (RSI2 70, цена 7,802)
SPX-TOM нет сигнала (RSI2 70, цена 7,802)
SPX-MR  нет сигнала: IBS 0.54 (<0.2), RSI2 66 (<10), выше MA200
LOTTO   тихо: горячих 51 (проверено 8), пробоев 30д нет
TRAIL   ETH шорт @ 2656.40 | стоп -> 2494.74 | +6.9R | 40ч из 120

=== Сканер сетапов | 2026-10-08 12:12 (локальное) ===
ETH     в позиции (ШОРТ), повторный пробой подавлен - ведём трейлинг
ETH-VOL в шорте +1.9R, стоп 2,544.5
ETH-MOM в шорте +2.3R, стоп 2,544.5
ETH-DONCH нет сигнала (цена 2,434.0)
BTCd-VOL в лонге +2.3R, стоп 79,085
BTCd-MOM в лонге +4.4R, стоп 79,085
BTCd-DONCH в лонге -0.5R, стоп 80,348
BTC-BOS в шорте -0.0R, стоп 82,768
BTC-MOM в шорте -0.0R, стоп 82,768
BTC-DONCH в шорте +0.9R, стоп 83,647
GOLD-D20 в шорте +0.1R, стоп 4238.8
GOLD-D55 внутри канала (4109-4697), цена 4110.9
GOLD-D10 в шорте +1.1R, стоп 4238.8
GOLD-D в шорте -0.5R, стоп 4164.5
SPX-RSI5 нет сигнала (RSI2 70, цена 7,802)
SPX-DIP5 нет сигнала (RSI2 70, цена 7,802)
SPX-TOM нет сигнала (RSI2 70, цена 7,802)
SPX-MR  нет сигнала: IBS 0.54 (<0.2), RSI2 66 (<10), выше MA200
LOTTO   тихо: горячих 51 (проверено 8), пробоев 30д нет
TRAIL   ETH шорт @ 2656.40 | стоп -> 2477.48 | +7.8R | 40ч из 120

=== Сканер сетапов | 2026-10-08 12:40 (локальное) ===
ETH     в позиции (ШОРТ), повторный пробой подавлен - ведём трейлинг
ETH-VOL в шорте +1.9R, стоп 2,544.5
ETH-MOM в шорте +2.3R, стоп 2,544.5
ETH-DONCH нет сигнала (цена 2,434.0)
BTCd-VOL в лонге +2.3R, стоп 79,085
BTCd-MOM в лонге +4.4R, стоп 79,085
BTCd-DONCH в лонге -0.5R, стоп 80,348
BTC-BOS в шорте -0.0R, стоп 82,768
BTC-MOM в шорте -0.0R, стоп 82,768
BTC-DONCH в шорте +0.9R, стоп 83,647
GOLD-D20 в шорте +0.1R, стоп 4238.8
GOLD-D55 внутри канала (4109-4697), цена 4110.9
GOLD-D10 в шорте +1.1R, стоп 4238.8
GOLD-D в шорте -0.5R, стоп 4164.5
SPX-RSI5 нет сигнала (RSI2 70, цена 7,802)
SPX-DIP5 нет сигнала (RSI2 70, цена 7,802)
SPX-TOM нет сигнала (RSI2 70, цена 7,802)
SPX-MR  нет сигнала: IBS 0.54 (<0.2), RSI2 66 (<10), выше MA200
LOTTO   тихо: горячих 52 (проверено 8), пробоев 30д нет
TRAIL   ETH шорт @ 2656.40 | стоп -> 2477.48 | +7.8R | 41ч из 120

=== Сканер сетапов | 2026-10-08 13:08 (локальное) ===
ETH     внутри канала: пробой вверх > 2702.10 (+11.8%), вниз < 2410.00 (-0.3%) | цена 2416.90
ETH-VOL в шорте +1.9R, стоп 2,544.5
ETH-MOM в шорте +2.3R, стоп 2,544.5
ETH-DONCH нет сигнала (цена 2,434.0)
BTCd-VOL в лонге +2.3R, стоп 79,085
BTCd-MOM в лонге +4.4R, стоп 79,085
BTCd-DONCH в лонге -0.5R, стоп 80,348
BTC-BOS в шорте -0.0R, стоп 82,768
BTC-MOM в шорте -0.0R, стоп 82,768
BTC-DONCH в шорте +0.9R, стоп 83,647
GOLD-D20 в шорте +0.1R, стоп 4238.8
GOLD-D55 внутри канала (4109-4697), цена 4110.9
GOLD-D10 в шорте +1.1R, стоп 4238.8
GOLD-D в шорте -0.5R, стоп 4164.5
SPX-RSI5 нет сигнала (RSI2 70, цена 7,802)
SPX-DIP5 нет сигнала (RSI2 70, цена 7,802)
SPX-TOM нет сигнала (RSI2 70, цена 7,802)
SPX-MR  нет сигнала: IBS 0.54 (<0.2), RSI2 66 (<10), выше MA200
LOTTO   тихо: горячих 51 (проверено 8), пробоев 30д нет
TRAIL   ETH шорт @ 2656.40 | стоп -> 2477.38 | +8.2R | 41ч из 120

=== Сканер сетапов | 2026-10-08 14:42 (локальное) ===
ETH     внутри канала: пробой вверх > 2702.10 (+10.5%), вниз < 2406.70 (-1.6%) | цена 2446.40
ETH-VOL в шорте +1.9R, стоп 2,544.5
ETH-MOM в шорте +2.3R, стоп 2,544.5
ETH-DONCH нет сигнала (цена 2,434.0)
BTCd-VOL в лонге +2.3R, стоп 79,085
BTCd-MOM в лонге +4.4R, стоп 79,085
BTCd-DONCH в лонге -0.5R, стоп 80,348
BTC-BOS в шорте -0.0R, стоп 82,768
BTC-MOM в шорте -0.0R, стоп 82,768
BTC-DONCH в шорте +0.9R, стоп 83,647
GOLD-D20 в шорте +0.1R, стоп 4238.8
GOLD-D55 внутри канала (4109-4697), цена 4110.9
GOLD-D10 в шорте +1.1R, стоп 4238.8
GOLD-D в шорте -0.5R, стоп 4164.5
SPX-RSI5 нет сигнала (RSI2 70, цена 7,802)
SPX-DIP5 нет сигнала (RSI2 70, цена 7,802)
SPX-TOM нет сигнала (RSI2 70, цена 7,802)
SPX-MR  нет сигнала: IBS 0.54 (<0.2), RSI2 66 (<10), выше MA200
LOTTO   тихо: горячих 52 (проверено 8), пробоев 30д нет
TRAIL   ETH шорт @ 2656.40 | стоп -> 2477.38 | +7.2R | 43ч из 120

=== Сканер сетапов | 2026-10-08 15:10 (локальное) ===
ETH     внутри канала: пробой вверх > 2699.50 (+9.6%), вниз < 2406.70 (-2.3%) | цена 2463.90
ETH-VOL в шорте +1.5R, стоп 2,544.5
ETH-MOM в шорте +1.8R, стоп 2,544.5
ETH-DONCH нет сигнала (цена 2,463.9)
BTCd-VOL в лонге +2.3R, стоп 79,085
BTCd-MOM в лонге +4.4R, стоп 79,085
BTCd-DONCH в лонге -0.5R, стоп 80,348
BTC-BOS в шорте -0.4R, стоп 82,768
BTC-MOM в шорте -0.4R, стоп 82,768
BTC-DONCH в шорте +0.5R, стоп 83,647
GOLD-D20 в шорте +0.1R, стоп 4238.8
GOLD-D55 внутри канала (4109-4697), цена 4110.9
GOLD-D10 в шорте +1.1R, стоп 4238.8
GOLD-D в шорте -0.5R, стоп 4164.5
LOTTO   тихо: горячих 52 (проверено 8), пробоев 30д нет
TRAIL   ETH шорт @ 2656.40 | стоп -> 2477.44 | +6.4R | 43ч из 120

=== Сканер сетапов | 2026-10-08 15:38 (локальное) ===
ETH     внутри канала: пробой вверх > 2699.50 (+9.6%), вниз < 2406.70 (-2.3%) | цена 2463.90
ETH-VOL в шорте +1.5R, стоп 2,544.5
ETH-MOM в шорте +1.8R, стоп 2,544.5
ETH-DONCH нет сигнала (цена 2,463.9)
BTCd-VOL в лонге +2.3R, стоп 79,085
BTCd-MOM в лонге +4.4R, стоп 79,085
BTCd-DONCH в лонге -0.5R, стоп 80,348
BTC-BOS в шорте -0.4R, стоп 82,768
BTC-MOM в шорте -0.4R, стоп 82,768
BTC-DONCH в шорте +0.5R, стоп 83,647
GOLD-D20 в шорте +0.1R, стоп 4238.8
GOLD-D55 внутри канала (4109-4697), цена 4110.9
GOLD-D10 в шорте +1.1R, стоп 4238.8
GOLD-D в шорте -0.5R, стоп 4164.5
LOTTO   тихо: горячих 52 (проверено 8), пробоев 30д нет
TRAIL   ETH шорт @ 2656.40 | стоп -> 2477.44 | +6.4R | 44ч из 120

=== Сканер сетапов | 2026-10-08 16:06 (локальное) ===
ETH     внутри канала: пробой вверх > 2699.50 (+9.1%), вниз < 2406.70 (-2.7%) | цена 2473.90
ETH-VOL в шорте +1.5R, стоп 2,544.5
ETH-MOM в шорте +1.8R, стоп 2,544.5
ETH-DONCH нет сигнала (цена 2,463.9)
BTCd-VOL в лонге +2.3R, стоп 79,085
BTCd-MOM в лонге +4.4R, стоп 79,085
BTCd-DONCH в лонге -0.5R, стоп 80,348
BTC-BOS в шорте -0.4R, стоп 82,768
BTC-MOM в шорте -0.4R, стоп 82,768
BTC-DONCH в шорте +0.5R, стоп 83,647
GOLD-D20 в шорте +0.1R, стоп 4238.8
GOLD-D55 внутри канала (4109-4697), цена 4110.9
GOLD-D10 в шорте +1.1R, стоп 4238.8
GOLD-D в шорте -0.5R, стоп 4164.5
LOTTO   тихо: горячих 52 (проверено 8), пробоев 30д нет
TRAIL   ETH шорт @ 2656.40 | стоп -> 2477.41 | +6.1R | 44ч из 120

=== Сканер сетапов | 2026-10-08 16:34 (локальное) ===
ETH     внутри канала: пробой вверх > 2699.50 (+9.1%), вниз < 2406.70 (-2.7%) | цена 2473.90
ETH-VOL в шорте +1.5R, стоп 2,544.5
ETH-MOM в шорте +1.8R, стоп 2,544.5
ETH-DONCH нет сигнала (цена 2,463.9)
BTCd-VOL в лонге +2.3R, стоп 79,085
BTCd-MOM в лонге +4.4R, стоп 79,085
BTCd-DONCH в лонге -0.5R, стоп 80,348
BTC-BOS в шорте -0.4R, стоп 82,768
BTC-MOM в шорте -0.4R, стоп 82,768
BTC-DONCH в шорте +0.5R, стоп 83,647
GOLD-D20 в шорте +0.1R, стоп 4238.8
GOLD-D55 внутри канала (4109-4697), цена 4110.9
GOLD-D10 в шорте +1.1R, стоп 4238.8
GOLD-D в шорте -0.5R, стоп 4164.5
LOTTO   тихо: горячих 52 (проверено 8), пробоев 30д нет
TRAIL   ETH шорт @ 2656.40 | стоп -> 2477.41 | +6.1R | 45ч из 120

=== Сканер сетапов | 2026-10-08 17:02 (локальное) ===
ETH     внутри канала: пробой вверх > 2699.50 (+8.9%), вниз < 2406.70 (-2.9%) | цена 2478.40
ETH-VOL в шорте +1.5R, стоп 2,544.5
ETH-MOM в шорте +1.8R, стоп 2,544.5
ETH-DONCH нет сигнала (цена 2,463.9)
BTCd-VOL в лонге +2.3R, стоп 79,085
BTCd-MOM в лонге +4.4R, стоп 79,085
BTCd-DONCH в лонге -0.5R, стоп 80,348
BTC-BOS в шорте -0.4R, стоп 82,768
BTC-MOM в шорте -0.4R, стоп 82,768
BTC-DONCH в шорте +0.5R, стоп 83,647
GOLD-D20 в шорте +0.1R, стоп 4238.8
GOLD-D55 внутри канала (4109-4697), цена 4110.9
GOLD-D10 в шорте +1.1R, стоп 4238.8
GOLD-D в шорте -0.5R, стоп 4164.5
LOTTO   тихо: горячих 52 (проверено 8), пробоев 30д нет
TRAIL   ETH шорт: СТОП ЗАДЕТ на 2477.40 — ЗАКРЫВАЙ (было +6.0R)

=== Сканер сетапов | 2026-10-08 17:30 (локальное) ===
ETH     внутри канала: пробой вверх > 2699.50 (+8.9%), вниз < 2406.70 (-2.9%) | цена 2478.40
ETH-VOL в шорте +1.5R, стоп 2,544.5
ETH-MOM в шорте +1.8R, стоп 2,544.5
ETH-DONCH нет сигнала (цена 2,463.9)
BTCd-VOL в лонге +2.3R, стоп 79,085
BTCd-MOM в лонге +4.4R, стоп 79,085
BTCd-DONCH в лонге -0.5R, стоп 80,348
BTC-BOS в шорте -0.4R, стоп 82,768
BTC-MOM в шорте -0.4R, стоп 82,768
BTC-DONCH в шорте +0.5R, стоп 83,647
GOLD-D20 в шорте +0.1R, стоп 4238.8
GOLD-D55 внутри канала (4109-4697), цена 4110.9
GOLD-D10 в шорте +1.1R, стоп 4238.8
GOLD-D в шорте -0.6R, стоп 4164.5
LOTTO   тихо: горячих 53 (проверено 8), пробоев 30д нет

=== Сканер сетапов | 2026-10-08 17:58 (локальное) ===
ETH     внутри канала: пробой вверх > 2699.50 (+8.9%), вниз < 2406.70 (-2.9%) | цена 2478.40
ETH-VOL в шорте +1.5R, стоп 2,544.5
ETH-MOM в шорте +1.8R, стоп 2,544.5
ETH-DONCH нет сигнала (цена 2,463.9)
BTCd-VOL в лонге +2.3R, стоп 79,085
BTCd-MOM в лонге +4.4R, стоп 79,085
BTCd-DONCH в лонге -0.5R, стоп 80,348
BTC-BOS в шорте -0.4R, стоп 82,768
BTC-MOM в шорте -0.4R, стоп 82,768
BTC-DONCH в шорте +0.5R, стоп 83,647
GOLD-D20 в шорте +0.1R, стоп 4238.8
GOLD-D55 внутри канала (4109-4697), цена 4110.9
GOLD-D10 в шорте +1.1R, стоп 4238.8
GOLD-D в шорте -0.6R, стоп 4164.5
LOTTO   тихо: горячих 53 (проверено 8), пробоев 30д нет

=== Сканер сетапов | 2026-10-08 18:27 (локальное) ===
ETH     внутри канала: пробой вверх > 2699.50 (+9.1%), вниз < 2406.70 (-2.8%) | цена 2474.90
ETH-VOL в шорте +1.5R, стоп 2,544.5
ETH-MOM в шорте +1.8R, стоп 2,544.5
ETH-DONCH нет сигнала (цена 2,463.9)
BTCd-VOL в лонге +2.3R, стоп 79,085
BTCd-MOM в лонге +4.4R, стоп 79,085
BTCd-DONCH в лонге -0.5R, стоп 80,348
BTC-BOS в шорте -0.4R, стоп 82,768
BTC-MOM в шорте -0.4R, стоп 82,768
BTC-DONCH в шорте +0.5R, стоп 83,647
GOLD-D20 в шорте +0.1R, стоп 4238.8
GOLD-D55 внутри канала (4109-4697), цена 4110.9
GOLD-D10 в шорте +1.1R, стоп 4238.8
GOLD-D в шорте -0.6R, стоп 4164.5
LOTTO   тихо: горячих 53 (проверено 8), пробоев 30д нет

=== Сканер сетапов | 2026-10-08 18:55 (локальное) ===
ETH     внутри канала: пробой вверх > 2699.50 (+9.1%), вниз < 2406.70 (-2.8%) | цена 2474.90
ETH-VOL в шорте +1.5R, стоп 2,544.5
ETH-MOM в шорте +1.8R, стоп 2,544.5
ETH-DONCH нет сигнала (цена 2,463.9)
BTCd-VOL в лонге +2.3R, стоп 79,085
BTCd-MOM в лонге +4.4R, стоп 79,085
BTCd-DONCH в лонге -0.5R, стоп 80,348
BTC-BOS в шорте -0.4R, стоп 82,768
BTC-MOM в шорте -0.4R, стоп 82,768
BTC-DONCH в шорте +0.5R, стоп 83,647
GOLD-D20 в шорте +0.1R, стоп 4238.8
GOLD-D55 внутри канала (4109-4697), цена 4110.9
GOLD-D10 в шорте +1.1R, стоп 4238.8
GOLD-D в шорте -0.7R, стоп 4164.5
LOTTO   тихо: горячих 54 (проверено 8), пробоев 30д нет

=== Сканер сетапов | 2026-10-08 19:10 (локальное) ===
ETH     внутри канала: пробой вверх > 2699.50 (+9.1%), вниз < 2406.70 (-2.7%) | цена 2473.70
ETH-VOL в шорте +1.3R, стоп 2,544.5
ETH-MOM в шорте +1.7R, стоп 2,544.5
ETH-DONCH нет сигнала (цена 2,473.7)
BTCd-VOL в лонге +1.9R, стоп 79,085
BTCd-MOM в лонге +3.9R, стоп 79,085
BTCd-DONCH в лонге -0.8R, стоп 80,348
BTC-BOS в шорте -0.4R, стоп 82,768
BTC-MOM в шорте -0.4R, стоп 82,768
BTC-DONCH в шорте +0.5R, стоп 83,647
GOLD-D20 в шорте -0.1R, стоп 4238.8
GOLD-D55 внутри канала (4071-4697), цена 4145.8
GOLD-D10 в шорте +0.9R, стоп 4238.8
GOLD-D в шорте -0.7R, стоп 4164.5
LOTTO   тихо: горячих 54 (проверено 8), пробоев 30д нет

=== Сканер сетапов | 2026-10-08 19:38 (локальное) ===
ETH     внутри канала: пробой вверх > 2699.50 (+9.1%), вниз < 2406.70 (-2.7%) | цена 2473.70
ETH-VOL в шорте +1.3R, стоп 2,544.5
ETH-MOM в шорте +1.7R, стоп 2,544.5
ETH-DONCH нет сигнала (цена 2,473.7)
BTCd-VOL в лонге +1.9R, стоп 79,085
BTCd-MOM в лонге +3.9R, стоп 79,085
BTCd-DONCH в лонге -0.8R, стоп 80,348
BTC-BOS в шорте -0.4R, стоп 82,768
BTC-MOM в шорте -0.4R, стоп 82,768
BTC-DONCH в шорте +0.5R, стоп 83,647
GOLD-D20 в шорте -0.1R, стоп 4238.8
GOLD-D55 внутри канала (4071-4697), цена 4145.8
GOLD-D10 в шорте +0.9R, стоп 4238.8
GOLD-D в шорте -0.7R, стоп 4164.5
LOTTO   тихо: горячих 54 (проверено 8), пробоев 30д нет

=== Сканер сетапов | 2026-10-08 20:06 (локальное) ===
ETH     внутри канала: пробой вверх > 2699.40 (+9.0%), вниз < 2406.70 (-2.8%) | цена 2477.00
ETH-VOL в шорте +1.3R, стоп 2,544.5
ETH-MOM в шорте +1.7R, стоп 2,544.5
ETH-DONCH нет сигнала (цена 2,473.7)
BTCd-VOL в лонге +1.9R, стоп 79,085
BTCd-MOM в лонге +3.9R, стоп 79,085
BTCd-DONCH в лонге -0.8R, стоп 80,348
BTC-BOS в шорте -0.4R, стоп 82,768
BTC-MOM в шорте -0.4R, стоп 82,768
BTC-DONCH в шорте +0.5R, стоп 83,647
GOLD-D20 в шорте -0.1R, стоп 4238.8
GOLD-D55 внутри канала (4071-4697), цена 4145.8
GOLD-D10 в шорте +0.9R, стоп 4238.8
GOLD-D в шорте -0.8R, стоп 4164.5
LOTTO   тихо: горячих 54 (проверено 8), пробоев 30д нет

=== Сканер сетапов | 2026-10-08 20:34 (локальное) ===
ETH     внутри канала: пробой вверх > 2699.40 (+9.0%), вниз < 2406.70 (-2.8%) | цена 2477.00
ETH-VOL в шорте +1.3R, стоп 2,544.5
ETH-MOM в шорте +1.7R, стоп 2,544.5
ETH-DONCH нет сигнала (цена 2,473.7)
BTCd-VOL в лонге +1.9R, стоп 79,085
BTCd-MOM в лонге +3.9R, стоп 79,085
BTCd-DONCH в лонге -0.8R, стоп 80,348
BTC-BOS в шорте -0.4R, стоп 82,768
BTC-MOM в шорте -0.4R, стоп 82,768
BTC-DONCH в шорте +0.5R, стоп 83,647
GOLD-D20 в шорте -0.1R, стоп 4238.8
GOLD-D55 внутри канала (4071-4697), цена 4145.8
GOLD-D10 в шорте +0.9R, стоп 4238.8
GOLD-D закрыт (трейлинг-стоп): -1.00R
LOTTO   тихо: горячих 54 (проверено 8), пробоев 30д нет

=== Сканер сетапов | 2026-10-08 21:02 (локальное) ===
ETH     внутри канала: пробой вверх > 2696.70 (+8.7%), вниз < 2406.70 (-3.0%) | цена 2481.10
ETH-VOL в шорте +1.3R, стоп 2,544.5
ETH-MOM в шорте +1.7R, стоп 2,544.5
ETH-DONCH нет сигнала (цена 2,473.7)
BTCd-VOL в лонге +1.9R, стоп 79,085
BTCd-MOM в лонге +3.9R, стоп 79,085
BTCd-DONCH в лонге -0.8R, стоп 80,348
BTC-BOS в шорте -0.4R, стоп 82,768
BTC-MOM в шорте -0.4R, стоп 82,768
BTC-DONCH в шорте +0.5R, стоп 83,647
GOLD-D20 в шорте -0.1R, стоп 4238.8
GOLD-D55 внутри канала (4071-4697), цена 4145.8
GOLD-D10 в шорте +0.9R, стоп 4238.8
GOLD-D ADX 25✓ но внутри канала (4071-4183), цена 4175.7
LOTTO   тихо: горячих 53 (проверено 8), пробоев 30д нет

=== Сканер сетапов | 2026-10-08 21:30 (локальное) ===
ETH     внутри канала: пробой вверх > 2696.70 (+8.7%), вниз < 2406.70 (-3.0%) | цена 2481.10
ETH-VOL в шорте +1.3R, стоп 2,544.5
ETH-MOM в шорте +1.7R, стоп 2,544.5
ETH-DONCH нет сигнала (цена 2,473.7)
BTCd-VOL в лонге +1.9R, стоп 79,085
BTCd-MOM в лонге +3.9R, стоп 79,085
BTCd-DONCH в лонге -0.8R, стоп 80,348
BTC-BOS в шорте -0.4R, стоп 82,768
BTC-MOM в шорте -0.4R, стоп 82,768
BTC-DONCH в шорте +0.5R, стоп 83,647
GOLD-D20 в шорте -0.1R, стоп 4238.8
GOLD-D55 внутри канала (4071-4697), цена 4145.8
GOLD-D10 в шорте +0.9R, стоп 4238.8
GOLD-D ADX 25✓ но внутри канала (4071-4183), цена 4171.6
LOTTO   тихо: горячих 53 (проверено 8), пробоев 30д нет

=== Сканер сетапов | 2026-10-08 21:58 (локальное) ===
ETH     внутри канала: пробой вверх > 2696.70 (+8.7%), вниз < 2406.70 (-3.0%) | цена 2481.10
ETH-VOL в шорте +1.3R, стоп 2,544.5
ETH-MOM в шорте +1.7R, стоп 2,544.5
ETH-DONCH нет сигнала (цена 2,473.7)
BTCd-VOL в лонге +1.9R, стоп 79,085
BTCd-MOM в лонге +3.9R, стоп 79,085
BTCd-DONCH в лонге -0.8R, стоп 80,348
BTC-BOS в шорте -0.4R, стоп 82,768
BTC-MOM в шорте -0.4R, стоп 82,768
BTC-DONCH в шорте +0.5R, стоп 83,647
GOLD-D20 в шорте -0.1R, стоп 4238.8
GOLD-D55 внутри канала (4071-4697), цена 4145.8
GOLD-D10 в шорте +0.9R, стоп 4238.8
GOLD-D ADX 25✓ но внутри канала (4071-4183), цена 4180.4
LOTTO   тихо: горячих 51 (проверено 8), пробоев 30д нет

=== Сканер сетапов | 2026-10-08 22:26 (локальное) ===
ETH     внутри канала: пробой вверх > 2658.30 (+6.8%), вниз < 2406.70 (-3.3%) | цена 2488.40
ETH-VOL в шорте +1.3R, стоп 2,544.5
ETH-MOM в шорте +1.7R, стоп 2,544.5
ETH-DONCH нет сигнала (цена 2,473.7)
BTCd-VOL в лонге +1.9R, стоп 79,085
BTCd-MOM в лонге +3.9R, стоп 79,085
BTCd-DONCH в лонге -0.8R, стоп 80,348
BTC-BOS в шорте -0.4R, стоп 82,768
BTC-MOM в шорте -0.4R, стоп 82,768
BTC-DONCH в шорте +0.5R, стоп 83,647
GOLD-D20 в шорте -0.1R, стоп 4238.8
GOLD-D55 внутри канала (4071-4697), цена 4145.8
GOLD-D10 в шорте +0.9R, стоп 4238.8
GOLD-D ADX 25✓ но внутри канала (4071-4183), цена 4178.0
LOTTO   тихо: горячих 51 (проверено 8), пробоев 30д нет

=== Сканер сетапов | 2026-10-08 22:54 (локальное) ===
ETH     внутри канала: пробой вверх > 2658.30 (+6.8%), вниз < 2406.70 (-3.3%) | цена 2488.40
ETH-VOL в шорте +1.3R, стоп 2,544.5
ETH-MOM в шорте +1.7R, стоп 2,544.5
ETH-DONCH нет сигнала (цена 2,473.7)
BTCd-VOL в лонге +1.9R, стоп 79,085
BTCd-MOM в лонге +3.9R, стоп 79,085
BTCd-DONCH в лонге -0.8R, стоп 80,348
BTC-BOS в шорте -0.4R, стоп 82,768
BTC-MOM в шорте -0.4R, стоп 82,768
BTC-DONCH в шорте +0.5R, стоп 83,647
GOLD-D20 в шорте -0.1R, стоп 4238.8
GOLD-D55 внутри канала (4071-4697), цена 4145.8
GOLD-D10 в шорте +0.9R, стоп 4238.8
GOLD-D ADX 25✓ но внутри канала (4071-4183), цена 4179.3
LOTTO   тихо: горячих 53 (проверено 8), пробоев 30д нет

=== Сканер сетапов | 2026-10-08 23:23 (локальное) ===
ETH     внутри канала: пробой вверх > 2623.10 (+5.2%), вниз < 2406.70 (-3.4%) | цена 2492.40
ETH-VOL в шорте +1.1R, стоп 2,544.5
ETH-MOM в шорте +1.4R, стоп 2,544.5
ETH-DONCH нет сигнала (цена 2,492.4)
BTCd-VOL в лонге +1.9R, стоп 79,085
BTCd-MOM в лонге +3.9R, стоп 79,085
BTCd-DONCH в лонге -0.8R, стоп 80,348
BTC-BOS в шорте -0.8R, стоп 82,768
BTC-MOM в шорте -0.8R, стоп 82,768
BTC-DONCH в шорте +0.2R, стоп 83,647
GOLD-D20 в шорте -0.1R, стоп 4238.8
GOLD-D55 внутри канала (4071-4697), цена 4145.8
GOLD-D10 в шорте +0.9R, стоп 4238.8
GOLD-D ADX 25✓ но внутри канала (4071-4183), цена 4180.1
LOTTO   тихо: горячих 52 (проверено 8), пробоев 30д нет

=== Сканер сетапов | 2026-10-09 01:30 (локальное) ===
ETH     внутри канала: пробой вверх > 2623.10 (+5.4%), вниз < 2406.70 (-3.3%) | цена 2489.80
ETH-VOL в шорте +1.1R, стоп 2,544.5
ETH-MOM в шорте +1.4R, стоп 2,544.5
ETH-DONCH нет сигнала (цена 2,492.4)
BTCd-VOL в лонге +1.9R, стоп 79,085
BTCd-MOM в лонге +3.9R, стоп 79,085
BTCd-DONCH в лонге -0.8R, стоп 80,348
BTC-BOS в шорте -0.8R, стоп 82,768
BTC-MOM в шорте -0.8R, стоп 82,768
BTC-DONCH в шорте +0.2R, стоп 83,647
GOLD-D20 в шорте -0.1R, стоп 4238.8
GOLD-D55 внутри канала (4071-4697), цена 4145.8
GOLD-D10 в шорте +0.9R, стоп 4238.8
GOLD-D >>> ЛОНГ вход ~4190.0 (ADX 25)
LOTTO   тихо: горячих 52 (проверено 8), пробоев 30д нет

=== Сканер сетапов | 2026-10-09 01:58 (локальное) ===
ETH     внутри канала: пробой вверх > 2623.10 (+5.4%), вниз < 2406.70 (-3.3%) | цена 2489.80
ETH-VOL в шорте +1.1R, стоп 2,544.5
ETH-MOM в шорте +1.4R, стоп 2,544.5
ETH-DONCH нет сигнала (цена 2,492.4)
BTCd-VOL в лонге +1.9R, стоп 79,085
BTCd-MOM в лонге +3.9R, стоп 79,085
BTCd-DONCH в лонге -0.8R, стоп 80,348
BTC-BOS в шорте -0.8R, стоп 82,768
BTC-MOM в шорте -0.8R, стоп 82,768
BTC-DONCH в шорте +0.2R, стоп 83,647
GOLD-D20 в шорте -0.1R, стоп 4238.8
GOLD-D55 внутри канала (4071-4697), цена 4145.8
GOLD-D10 в шорте +0.9R, стоп 4238.8
GOLD-D в лонге +0.1R, стоп 4130.5
LOTTO   тихо: горячих 52 (проверено 8), пробоев 30д нет

=== Сканер сетапов | 2026-10-09 02:26 (локальное) ===
ETH     внутри канала: пробой вверх > 2623.10 (+5.0%), вниз < 2406.70 (-3.7%) | цена 2498.00
ETH-VOL в шорте +1.1R, стоп 2,544.5
ETH-MOM в шорте +1.4R, стоп 2,544.5
ETH-DONCH нет сигнала (цена 2,492.4)
BTCd-VOL в лонге +1.9R, стоп 79,085
BTCd-MOM в лонге +3.9R, стоп 79,085
BTCd-DONCH в лонге -0.8R, стоп 80,348
BTC-BOS в шорте -0.8R, стоп 82,768
BTC-MOM в шорте -0.8R, стоп 82,768
BTC-DONCH в шорте +0.2R, стоп 83,647
GOLD-D20 в шорте -0.1R, стоп 4238.8
GOLD-D55 внутри канала (4071-4697), цена 4145.8
GOLD-D10 в шорте +0.9R, стоп 4238.8
GOLD-D в лонге +0.0R, стоп 4130.5
LOTTO   тихо: горячих 52 (проверено 8), пробоев 30д нет

=== Сканер сетапов | 2026-10-09 02:54 (локальное) ===
ETH     внутри канала: пробой вверх > 2623.10 (+5.0%), вниз < 2406.70 (-3.7%) | цена 2498.00
ETH-VOL в шорте +1.1R, стоп 2,544.5
ETH-MOM в шорте +1.4R, стоп 2,544.5
ETH-DONCH нет сигнала (цена 2,492.4)
BTCd-VOL в лонге +1.9R, стоп 79,085
BTCd-MOM в лонге +3.9R, стоп 79,085
BTCd-DONCH в лонге -0.8R, стоп 80,348
BTC-BOS в шорте -0.8R, стоп 82,768
BTC-MOM в шорте -0.8R, стоп 82,768
BTC-DONCH в шорте +0.2R, стоп 83,647
GOLD-D20 в шорте -0.1R, стоп 4238.8
GOLD-D55 внутри канала (4071-4697), цена 4145.8
GOLD-D10 в шорте +0.9R, стоп 4238.8
GOLD-D в лонге +0.0R, стоп 4130.5
LOTTO   тихо: горячих 52 (проверено 8), пробоев 30д нет

=== Сканер сетапов | 2026-10-09 03:22 (локальное) ===
ETH     внутри канала: пробой вверх > 2620.70 (+4.7%), вниз < 2406.70 (-3.9%) | цена 2503.50
ETH-VOL в шорте +1.0R, стоп 2,544.5
ETH-MOM в шорте +1.2R, стоп 2,544.5
ETH-DONCH нет сигнала (цена 2,503.5)
BTCd-VOL в лонге +1.9R, стоп 79,085
BTCd-MOM в лонге +3.9R, стоп 79,085
BTCd-DONCH в лонге -0.8R, стоп 80,348
BTC-BOS в шорте -0.9R, стоп 82,768
BTC-MOM в шорте -0.9R, стоп 82,768
BTC-DONCH в шорте +0.1R, стоп 83,647
GOLD-D20 в шорте -0.1R, стоп 4238.8
GOLD-D55 внутри канала (4071-4697), цена 4145.8
GOLD-D10 в шорте +0.9R, стоп 4238.8
GOLD-D в лонге +0.0R, стоп 4130.5
LOTTO   тихо: горячих 52 (проверено 8), пробоев 30д нет

=== Сканер сетапов | 2026-10-09 03:50 (локальное) ===
ETH     внутри канала: пробой вверх > 2620.70 (+4.7%), вниз < 2406.70 (-3.9%) | цена 2503.50
ETH-VOL в шорте +1.0R, стоп 2,544.5
ETH-MOM в шорте +1.2R, стоп 2,544.5
ETH-DONCH нет сигнала (цена 2,503.5)
BTCd-VOL в лонге +1.9R, стоп 79,085
BTCd-MOM в лонге +3.9R, стоп 79,085
BTCd-DONCH в лонге -0.8R, стоп 80,348
BTC-BOS в шорте -0.9R, стоп 82,768
BTC-MOM в шорте -0.9R, стоп 82,768
BTC-DONCH в шорте +0.1R, стоп 83,647
GOLD-D20 в шорте -0.1R, стоп 4238.8
GOLD-D55 внутри канала (4071-4697), цена 4145.8
GOLD-D10 в шорте +0.9R, стоп 4238.8
GOLD-D в лонге +0.0R, стоп 4130.5
LOTTO   тихо: горячих 52 (проверено 8), пробоев 30д нет

=== Сканер сетапов | 2026-10-09 04:18 (локальное) ===
ETH     внутри канала: пробой вверх > 2618.10 (+4.5%), вниз < 2406.70 (-3.9%) | цена 2504.70
ETH-VOL в шорте +1.0R, стоп 2,544.5
ETH-MOM в шорте +1.2R, стоп 2,544.5
ETH-DONCH нет сигнала (цена 2,503.5)
BTCd-VOL в лонге +1.9R, стоп 79,085
BTCd-MOM в лонге +3.9R, стоп 79,085
BTCd-DONCH в лонге -0.8R, стоп 80,348
BTC-BOS в шорте -0.9R, стоп 82,768
BTC-MOM в шорте -0.9R, стоп 82,768
BTC-DONCH в шорте +0.1R, стоп 83,647
GOLD-D20 в шорте -0.1R, стоп 4238.8
GOLD-D55 внутри канала (4071-4697), цена 4145.8
GOLD-D10 в шорте +0.9R, стоп 4238.8
GOLD-D в лонге -0.0R, стоп 4130.5
LOTTO   тихо: горячих 52 (проверено 8), пробоев 30д нет

=== Сканер сетапов | 2026-10-09 04:46 (локальное) ===
ETH     внутри канала: пробой вверх > 2618.10 (+4.5%), вниз < 2406.70 (-3.9%) | цена 2504.70
ETH-VOL в шорте +1.0R, стоп 2,544.5
ETH-MOM в шорте +1.2R, стоп 2,544.5
ETH-DONCH нет сигнала (цена 2,503.5)
BTCd-VOL в лонге +1.9R, стоп 79,085
BTCd-MOM в лонге +3.9R, стоп 79,085
BTCd-DONCH в лонге -0.8R, стоп 80,348
BTC-BOS в шорте -0.9R, стоп 82,768
BTC-MOM в шорте -0.9R, стоп 82,768
BTC-DONCH в шорте +0.1R, стоп 83,647
GOLD-D20 в шорте -0.1R, стоп 4238.8
GOLD-D55 внутри канала (4071-4697), цена 4145.8
GOLD-D10 в шорте +0.9R, стоп 4238.8
GOLD-D в лонге -0.1R, стоп 4130.5
LOTTO   тихо: горячих 52 (проверено 8), пробоев 30д нет

=== Сканер сетапов | 2026-10-09 05:15 (локальное) ===
ETH     внутри канала: пробой вверх > 2610.40 (+4.3%), вниз < 2406.70 (-3.8%) | цена 2501.60
ETH-VOL в шорте +1.0R, стоп 2,544.5
ETH-MOM в шорте +1.2R, стоп 2,544.5
ETH-DONCH нет сигнала (цена 2,503.5)
BTCd-VOL в лонге +1.9R, стоп 79,085
BTCd-MOM в лонге +3.9R, стоп 79,085
BTCd-DONCH в лонге -0.8R, стоп 80,348
BTC-BOS в шорте -0.9R, стоп 82,768
BTC-MOM в шорте -0.9R, стоп 82,768
BTC-DONCH в шорте +0.1R, стоп 83,647
GOLD-D20 в шорте -0.1R, стоп 4238.8
GOLD-D55 внутри канала (4071-4697), цена 4145.8
GOLD-D10 в шорте +0.9R, стоп 4238.8
GOLD-D в лонге -0.1R, стоп 4130.5
LOTTO   тихо: горячих 52 (проверено 8), пробоев 30д нет

=== Сканер сетапов | 2026-10-09 05:43 (локальное) ===
ETH     внутри канала: пробой вверх > 2610.40 (+4.3%), вниз < 2406.70 (-3.8%) | цена 2501.60
ETH-VOL в шорте +1.0R, стоп 2,544.5
ETH-MOM в шорте +1.2R, стоп 2,544.5
ETH-DONCH нет сигнала (цена 2,503.5)
BTCd-VOL в лонге +1.9R, стоп 79,085
BTCd-MOM в лонге +3.9R, стоп 79,085
BTCd-DONCH в лонге -0.8R, стоп 80,348
BTC-BOS в шорте -0.9R, стоп 82,768
BTC-MOM в шорте -0.9R, стоп 82,768
BTC-DONCH в шорте +0.1R, стоп 83,647
GOLD-D20 в шорте -0.1R, стоп 4238.8
GOLD-D55 внутри канала (4071-4697), цена 4145.8
GOLD-D10 в шорте +0.9R, стоп 4238.8
GOLD-D в лонге -0.1R, стоп 4130.5
LOTTO   тихо: горячих 52 (проверено 8), пробоев 30д нет

=== Сканер сетапов | 2026-10-09 09:10 (локальное) ===
ETH     внутри канала: пробой вверх > 2586.50 (+4.2%), вниз < 2406.70 (-3.1%) | цена 2482.90
ETH-VOL в шорте +0.9R, стоп 2,544.5
ETH-MOM в шорте +1.2R, стоп 2,544.5
ETH-DONCH нет сигнала (цена 2,505.5)
BTCd-VOL в лонге +1.9R, стоп 79,085
BTCd-MOM в лонге +3.9R, стоп 79,085
BTCd-DONCH в лонге -0.8R, стоп 80,348
BTC-BOS закрыт (трейлинг-стоп): -1.00R
BTC-MOM закрыт (трейлинг-стоп): -1.00R
BTC-DONCH в шорте -0.2R, стоп 83,647
GOLD-D20 в шорте -0.1R, стоп 4238.8
GOLD-D55 внутри канала (4071-4697), цена 4145.8
GOLD-D10 в шорте +0.9R, стоп 4238.8
GOLD-D в лонге -0.0R, стоп 4130.5
SPX-RSI5 нет сигнала (RSI2 32, цена 7,765)
SPX-DIP5 нет сигнала (RSI2 32, цена 7,765)
SPX-TOM нет сигнала (RSI2 32, цена 7,765)
SPX-MR  нет сигнала: IBS 0.44 (<0.2), RSI2 31 (<10), выше MA200
LOTTO   тихо: горячих 50 (проверено 8), пробоев 30д нет

=== Сканер сетапов | 2026-10-09 09:38 (локальное) ===
ETH     внутри канала: пробой вверх > 2586.50 (+4.2%), вниз < 2406.70 (-3.1%) | цена 2482.90
ETH-VOL в шорте +0.9R, стоп 2,544.5
ETH-MOM в шорте +1.2R, стоп 2,544.5
ETH-DONCH нет сигнала (цена 2,505.5)
BTCd-VOL в лонге +1.9R, стоп 79,085
BTCd-MOM в лонге +3.9R, стоп 79,085
BTCd-DONCH в лонге -0.8R, стоп 80,348
BTC-BOS нет сигнала (цена 83,213, ADX 41)
BTC-MOM нет сигнала (цена 83,213, ADX 41)
BTC-DONCH в шорте -0.2R, стоп 83,647
GOLD-D20 в шорте -0.1R, стоп 4238.8
GOLD-D55 внутри канала (4071-4697), цена 4145.8
GOLD-D10 в шорте +0.9R, стоп 4238.8
GOLD-D в лонге -0.0R, стоп 4130.5
SPX-RSI5 нет сигнала (RSI2 32, цена 7,765)
SPX-DIP5 нет сигнала (RSI2 32, цена 7,765)
SPX-TOM нет сигнала (RSI2 32, цена 7,765)
SPX-MR  нет сигнала: IBS 0.44 (<0.2), RSI2 31 (<10), выше MA200
LOTTO   тихо: горячих 50 (проверено 8), пробоев 30д нет

=== Сканер сетапов | 2026-10-09 10:06 (локальное) ===
ETH     внутри канала: пробой вверх > 2586.50 (+3.9%), вниз < 2406.70 (-3.4%) | цена 2490.40
ETH-VOL в шорте +0.9R, стоп 2,544.5
ETH-MOM в шорте +1.2R, стоп 2,544.5
ETH-DONCH нет сигнала (цена 2,505.5)
BTCd-VOL в лонге +1.9R, стоп 79,085
BTCd-MOM в лонге +3.9R, стоп 79,085
BTCd-DONCH в лонге -0.8R, стоп 80,348
BTC-BOS нет сигнала (цена 83,213, ADX 41)
BTC-MOM нет сигнала (цена 83,213, ADX 41)
BTC-DONCH в шорте -0.2R, стоп 83,647
GOLD-D20 в шорте -0.1R, стоп 4238.8
GOLD-D55 внутри канала (4071-4697), цена 4145.8
GOLD-D10 в шорте +0.9R, стоп 4238.8
GOLD-D в лонге -0.1R, стоп 4130.5
SPX-RSI5 нет сигнала (RSI2 32, цена 7,765)
SPX-DIP5 нет сигнала (RSI2 32, цена 7,765)
SPX-TOM нет сигнала (RSI2 32, цена 7,765)
SPX-MR  нет сигнала: IBS 0.44 (<0.2), RSI2 31 (<10), выше MA200
LOTTO   тихо: горячих 49 (проверено 8), пробоев 30д нет

=== Сканер сетапов | 2026-10-09 10:34 (локальное) ===
ETH     внутри канала: пробой вверх > 2586.50 (+3.9%), вниз < 2406.70 (-3.4%) | цена 2490.40
ETH-VOL в шорте +0.9R, стоп 2,544.5
ETH-MOM в шорте +1.2R, стоп 2,544.5
ETH-DONCH нет сигнала (цена 2,505.5)
BTCd-VOL в лонге +1.9R, стоп 79,085
BTCd-MOM в лонге +3.9R, стоп 79,085
BTCd-DONCH в лонге -0.8R, стоп 80,348
BTC-BOS нет сигнала (цена 83,213, ADX 41)
BTC-MOM нет сигнала (цена 83,213, ADX 41)
BTC-DONCH в шорте -0.2R, стоп 83,647
GOLD-D20 в шорте -0.1R, стоп 4238.8
GOLD-D55 внутри канала (4071-4697), цена 4145.8
GOLD-D10 в шорте +0.9R, стоп 4238.8
GOLD-D в лонге +0.0R, стоп 4130.5
SPX-RSI5 нет сигнала (RSI2 32, цена 7,765)
SPX-DIP5 нет сигнала (RSI2 32, цена 7,765)
SPX-TOM нет сигнала (RSI2 32, цена 7,765)
SPX-MR  нет сигнала: IBS 0.44 (<0.2), RSI2 31 (<10), выше MA200
LOTTO   тихо: горячих 46 (проверено 8), пробоев 30д нет

=== Сканер сетапов | 2026-10-09 11:02 (локальное) ===
ETH     внутри канала: пробой вверх > 2586.50 (+4.0%), вниз < 2406.70 (-3.3%) | цена 2488.20
ETH-VOL в шорте +1.2R, стоп 2,544.5
ETH-MOM в шорте +1.4R, стоп 2,544.5
ETH-DONCH нет сигнала (цена 2,488.2)
BTCd-VOL в лонге +1.9R, стоп 79,085
BTCd-MOM в лонге +3.9R, стоп 79,085
BTCd-DONCH в лонге -0.8R, стоп 80,348
BTC-BOS нет сигнала (цена 82,853, ADX 39)
BTC-MOM нет сигнала (цена 82,853, ADX 39)
BTC-DONCH в шорте -0.1R, стоп 83,647
GOLD-D20 в шорте -0.1R, стоп 4238.8
GOLD-D55 внутри канала (4071-4697), цена 4145.8
GOLD-D10 в шорте +0.9R, стоп 4238.8
GOLD-D в лонге -0.0R, стоп 4130.5
SPX-RSI5 нет сигнала (RSI2 32, цена 7,765)
SPX-DIP5 нет сигнала (RSI2 32, цена 7,765)
SPX-TOM нет сигнала (RSI2 32, цена 7,765)
SPX-MR  нет сигнала: IBS 0.44 (<0.2), RSI2 31 (<10), выше MA200
LOTTO   тихо: горячих 44 (проверено 8), пробоев 30д нет

=== Сканер сетапов | 2026-10-09 11:30 (локальное) ===
ETH     внутри канала: пробой вверх > 2586.50 (+4.0%), вниз < 2406.70 (-3.3%) | цена 2488.20
ETH-VOL в шорте +1.2R, стоп 2,544.5
ETH-MOM в шорте +1.4R, стоп 2,544.5
ETH-DONCH нет сигнала (цена 2,488.2)
BTCd-VOL в лонге +1.9R, стоп 79,085
BTCd-MOM в лонге +3.9R, стоп 79,085
BTCd-DONCH в лонге -0.8R, стоп 80,348
BTC-BOS нет сигнала (цена 82,853, ADX 39)
BTC-MOM нет сигнала (цена 82,853, ADX 39)
BTC-DONCH в шорте -0.1R, стоп 83,647
GOLD-D20 в шорте -0.1R, стоп 4238.8
GOLD-D55 внутри канала (4071-4697), цена 4145.8
GOLD-D10 в шорте +0.9R, стоп 4238.8
GOLD-D в лонге -0.0R, стоп 4130.5
SPX-RSI5 нет сигнала (RSI2 32, цена 7,765)
SPX-DIP5 нет сигнала (RSI2 32, цена 7,765)
SPX-TOM нет сигнала (RSI2 32, цена 7,765)
SPX-MR  нет сигнала: IBS 0.44 (<0.2), RSI2 31 (<10), выше MA200
LOTTO   тихо: горячих 44 (проверено 8), пробоев 30д нет

=== Сканер сетапов | 2026-10-09 11:59 (локальное) ===
ETH     внутри канала: пробой вверх > 2586.50 (+4.0%), вниз < 2406.70 (-3.3%) | цена 2488.20
ETH-VOL в шорте +1.2R, стоп 2,544.5
ETH-MOM в шорте +1.4R, стоп 2,544.5
ETH-DONCH нет сигнала (цена 2,488.2)
BTCd-VOL в лонге +1.9R, стоп 79,085
BTCd-MOM в лонге +3.9R, стоп 79,085
BTCd-DONCH в лонге -0.8R, стоп 80,348
BTC-BOS нет сигнала (цена 82,853, ADX 39)
BTC-MOM нет сигнала (цена 82,853, ADX 39)
BTC-DONCH в шорте -0.1R, стоп 83,647
GOLD-D20 в шорте -0.1R, стоп 4238.8
GOLD-D55 внутри канала (4071-4697), цена 4145.8
GOLD-D10 в шорте +0.9R, стоп 4238.8
GOLD-D в лонге -0.0R, стоп 4130.5
SPX-RSI5 нет сигнала (RSI2 32, цена 7,765)
SPX-DIP5 нет сигнала (RSI2 32, цена 7,765)
SPX-TOM нет сигнала (RSI2 32, цена 7,765)
SPX-MR  нет сигнала: IBS 0.44 (<0.2), RSI2 31 (<10), выше MA200
LOTTO   тихо: горячих 41 (проверено 8), пробоев 30д нет

=== Сканер сетапов | 2026-10-09 12:27 (локальное) ===
ETH     внутри канала: пробой вверх > 2586.50 (+3.9%), вниз < 2406.70 (-3.3%) | цена 2490.00
ETH-VOL в шорте +1.2R, стоп 2,544.5
ETH-MOM в шорте +1.4R, стоп 2,544.5
ETH-DONCH нет сигнала (цена 2,488.2)
BTCd-VOL в лонге +1.9R, стоп 79,085
BTCd-MOM в лонге +3.9R, стоп 79,085
BTCd-DONCH в лонге -0.8R, стоп 80,348
BTC-BOS нет сигнала (цена 82,853, ADX 39)
BTC-MOM нет сигнала (цена 82,853, ADX 39)
BTC-DONCH в шорте -0.1R, стоп 83,647
GOLD-D20 в шорте -0.1R, стоп 4238.8
GOLD-D55 внутри канала (4071-4697), цена 4145.8
GOLD-D10 в шорте +0.9R, стоп 4238.8
GOLD-D в лонге +0.0R, стоп 4130.5
SPX-RSI5 нет сигнала (RSI2 32, цена 7,765)
SPX-DIP5 нет сигнала (RSI2 32, цена 7,765)
SPX-TOM нет сигнала (RSI2 32, цена 7,765)
SPX-MR  нет сигнала: IBS 0.44 (<0.2), RSI2 31 (<10), выше MA200
LOTTO   тихо: горячих 40 (проверено 8), пробоев 30д нет

=== Сканер сетапов | 2026-10-09 12:55 (локальное) ===
ETH     внутри канала: пробой вверх > 2586.50 (+3.9%), вниз < 2406.70 (-3.3%) | цена 2490.00
ETH-VOL в шорте +1.2R, стоп 2,544.5
ETH-MOM в шорте +1.4R, стоп 2,544.5
ETH-DONCH нет сигнала (цена 2,488.2)
BTCd-VOL в лонге +1.9R, стоп 79,085
BTCd-MOM в лонге +3.9R, стоп 79,085
BTCd-DONCH в лонге -0.8R, стоп 80,348
BTC-BOS нет сигнала (цена 82,853, ADX 39)
BTC-MOM нет сигнала (цена 82,853, ADX 39)
BTC-DONCH в шорте -0.1R, стоп 83,647
GOLD-D20 в шорте -0.1R, стоп 4238.8
GOLD-D55 внутри канала (4071-4697), цена 4145.8
GOLD-D10 в шорте +0.9R, стоп 4238.8
GOLD-D в лонге +0.1R, стоп 4134.5
SPX-RSI5 нет сигнала (RSI2 32, цена 7,765)
SPX-DIP5 нет сигнала (RSI2 32, цена 7,765)
SPX-TOM нет сигнала (RSI2 32, цена 7,765)
SPX-MR  нет сигнала: IBS 0.44 (<0.2), RSI2 31 (<10), выше MA200
LOTTO   тихо: горячих 40 (проверено 8), пробоев 30д нет

=== Сканер сетапов | 2026-10-09 13:23 (локальное) ===
ETH     внутри канала: пробой вверх > 2586.50 (+4.0%), вниз < 2406.70 (-3.2%) | цена 2487.50
ETH-VOL в шорте +1.2R, стоп 2,544.5
ETH-MOM в шорте +1.4R, стоп 2,544.5
ETH-DONCH нет сигнала (цена 2,488.2)
BTCd-VOL в лонге +1.9R, стоп 79,085
BTCd-MOM в лонге +3.9R, стоп 79,085
BTCd-DONCH в лонге -0.8R, стоп 80,348
BTC-BOS нет сигнала (цена 82,853, ADX 39)
BTC-MOM нет сигнала (цена 82,853, ADX 39)
BTC-DONCH в шорте -0.1R, стоп 83,647
GOLD-D20 в шорте -0.1R, стоп 4238.8
GOLD-D55 внутри канала (4071-4697), цена 4145.8
GOLD-D10 в шорте +0.9R, стоп 4238.8
GOLD-D в лонге +0.1R, стоп 4134.7
SPX-RSI5 нет сигнала (RSI2 32, цена 7,765)
SPX-DIP5 нет сигнала (RSI2 32, цена 7,765)
SPX-TOM нет сигнала (RSI2 32, цена 7,765)
SPX-MR  нет сигнала: IBS 0.44 (<0.2), RSI2 31 (<10), выше MA200
LOTTO   тихо: горячих 38 (проверено 8), пробоев 30д нет

=== Сканер сетапов | 2026-10-09 14:37 (локальное) ===
ETH     внутри канала: пробой вверх > 2586.50 (+4.2%), вниз < 2406.70 (-3.0%) | цена 2481.70
ETH-VOL в шорте +1.2R, стоп 2,544.5
ETH-MOM в шорте +1.4R, стоп 2,544.5
ETH-DONCH нет сигнала (цена 2,488.2)
BTCd-VOL в лонге +1.9R, стоп 79,085
BTCd-MOM в лонге +3.9R, стоп 79,085
BTCd-DONCH в лонге -0.8R, стоп 80,348
BTC-BOS нет сигнала (цена 82,853, ADX 39)
BTC-MOM нет сигнала (цена 82,853, ADX 39)
BTC-DONCH в шорте -0.1R, стоп 83,647
GOLD-D20 в шорте -0.1R, стоп 4238.8
GOLD-D55 внутри канала (4071-4697), цена 4145.8
GOLD-D10 в шорте +0.9R, стоп 4238.8
GOLD-D в лонге +0.1R, стоп 4134.7
SPX-RSI5 нет сигнала (RSI2 32, цена 7,765)
SPX-DIP5 нет сигнала (RSI2 32, цена 7,765)
SPX-TOM нет сигнала (RSI2 32, цена 7,765)
SPX-MR  нет сигнала: IBS 0.44 (<0.2), RSI2 31 (<10), выше MA200
LOTTO   тихо: горячих 38 (проверено 8), пробоев 30д нет

=== Сканер сетапов | 2026-10-09 15:05 (локальное) ===
ETH     внутри канала: пробой вверх > 2586.50 (+4.5%), вниз < 2406.70 (-2.8%) | цена 2475.70
ETH-VOL в шорте +1.3R, стоп 2,544.5
ETH-MOM в шорте +1.6R, стоп 2,544.5
ETH-DONCH нет сигнала (цена 2,475.7)
BTCd-VOL в лонге +1.9R, стоп 79,085
BTCd-MOM в лонге +3.9R, стоп 79,085
BTCd-DONCH в лонге -0.8R, стоп 80,348
BTC-BOS нет сигнала (цена 82,283, ADX 37)
BTC-MOM нет сигнала (цена 82,283, ADX 37)
BTC-DONCH в шорте +0.2R, стоп 83,647
GOLD-D20 в шорте -0.1R, стоп 4238.8
GOLD-D55 внутри канала (4071-4697), цена 4145.8
GOLD-D10 в шорте +0.9R, стоп 4238.8
GOLD-D в лонге +0.1R, стоп 4134.7
LOTTO   тихо: горячих 39 (проверено 8), пробоев 30д нет

=== Сканер сетапов | 2026-10-09 15:33 (локальное) ===
ETH     внутри канала: пробой вверх > 2586.50 (+4.5%), вниз < 2406.70 (-2.8%) | цена 2475.70
ETH-VOL в шорте +1.3R, стоп 2,544.5
ETH-MOM в шорте +1.6R, стоп 2,544.5
ETH-DONCH нет сигнала (цена 2,475.7)
BTCd-VOL в лонге +1.9R, стоп 79,085
BTCd-MOM в лонге +3.9R, стоп 79,085
BTCd-DONCH в лонге -0.8R, стоп 80,348
BTC-BOS нет сигнала (цена 82,283, ADX 37)
BTC-MOM нет сигнала (цена 82,283, ADX 37)
BTC-DONCH в шорте +0.2R, стоп 83,647
GOLD-D20 в шорте -0.1R, стоп 4238.8
GOLD-D55 внутри канала (4071-4697), цена 4145.8
GOLD-D10 в шорте +0.9R, стоп 4238.8
GOLD-D в лонге +0.1R, стоп 4134.7
LOTTO   тихо: горячих 41 (проверено 8), пробоев 30д нет

=== Сканер сетапов | 2026-10-09 16:01 (локальное) ===
ETH     внутри канала: пробой вверх > 2586.50 (+4.2%), вниз < 2406.70 (-3.0%) | цена 2482.10
ETH-VOL в шорте +1.3R, стоп 2,544.5
ETH-MOM в шорте +1.6R, стоп 2,544.5
ETH-DONCH нет сигнала (цена 2,475.7)
BTCd-VOL в лонге +1.9R, стоп 79,085
BTCd-MOM в лонге +3.9R, стоп 79,085
BTCd-DONCH в лонге -0.8R, стоп 80,348
BTC-BOS нет сигнала (цена 82,283, ADX 37)
BTC-MOM нет сигнала (цена 82,283, ADX 37)
BTC-DONCH в шорте +0.2R, стоп 83,647
GOLD-D20 в шорте -0.1R, стоп 4238.8
GOLD-D55 внутри канала (4071-4697), цена 4145.8
GOLD-D10 в шорте +0.9R, стоп 4238.8
GOLD-D в лонге +0.1R, стоп 4134.7
LOTTO   тихо: горячих 41 (проверено 8), пробоев 30д нет

=== Сканер сетапов | 2026-10-09 16:29 (локальное) ===
ETH     внутри канала: пробой вверх > 2586.50 (+4.2%), вниз < 2406.70 (-3.0%) | цена 2482.10
ETH-VOL в шорте +1.3R, стоп 2,544.5
ETH-MOM в шорте +1.6R, стоп 2,544.5
ETH-DONCH нет сигнала (цена 2,475.7)
BTCd-VOL в лонге +1.9R, стоп 79,085
BTCd-MOM в лонге +3.9R, стоп 79,085
BTCd-DONCH в лонге -0.8R, стоп 80,348
BTC-BOS нет сигнала (цена 82,283, ADX 37)
BTC-MOM нет сигнала (цена 82,283, ADX 37)
BTC-DONCH в шорте +0.2R, стоп 83,647
GOLD-D20 в шорте -0.1R, стоп 4238.8
GOLD-D55 внутри канала (4071-4697), цена 4145.8
GOLD-D10 в шорте +0.9R, стоп 4238.8
GOLD-D в лонге +0.0R, стоп 4134.7
LOTTO   тихо: горячих 40 (проверено 8), пробоев 30д нет

=== Сканер сетапов | 2026-10-09 16:58 (локальное) ===
ETH     внутри канала: пробой вверх > 2586.50 (+4.2%), вниз < 2406.70 (-3.0%) | цена 2482.10
ETH-VOL в шорте +1.3R, стоп 2,544.5
ETH-MOM в шорте +1.6R, стоп 2,544.5
ETH-DONCH нет сигнала (цена 2,475.7)
BTCd-VOL в лонге +1.9R, стоп 79,085
BTCd-MOM в лонге +3.9R, стоп 79,085
BTCd-DONCH в лонге -0.8R, стоп 80,348
BTC-BOS нет сигнала (цена 82,283, ADX 37)
BTC-MOM нет сигнала (цена 82,283, ADX 37)
BTC-DONCH в шорте +0.2R, стоп 83,647
GOLD-D20 в шорте -0.1R, стоп 4238.8
GOLD-D55 внутри канала (4071-4697), цена 4145.8
GOLD-D10 в шорте +0.9R, стоп 4238.8
GOLD-D в лонге +0.0R, стоп 4134.7
LOTTO   тихо: горячих 38 (проверено 8), пробоев 30д нет

=== Сканер сетапов | 2026-10-09 17:26 (локальное) ===
ETH     внутри канала: пробой вверх > 2586.50 (+4.1%), вниз < 2406.70 (-3.1%) | цена 2484.00
ETH-VOL в шорте +1.3R, стоп 2,544.5
ETH-MOM в шорте +1.6R, стоп 2,544.5
ETH-DONCH нет сигнала (цена 2,475.7)
BTCd-VOL в лонге +1.9R, стоп 79,085
BTCd-MOM в лонге +3.9R, стоп 79,085
BTCd-DONCH в лонге -0.8R, стоп 80,348
BTC-BOS нет сигнала (цена 82,283, ADX 37)
BTC-MOM нет сигнала (цена 82,283, ADX 37)
BTC-DONCH в шорте +0.2R, стоп 83,647
GOLD-D20 в шорте -0.1R, стоп 4238.8
GOLD-D55 внутри канала (4071-4697), цена 4145.8
GOLD-D10 в шорте +0.9R, стоп 4238.8
GOLD-D в лонге -0.0R, стоп 4134.7
LOTTO   тихо: горячих 38 (проверено 8), пробоев 30д нет

=== Сканер сетапов | 2026-10-09 17:54 (локальное) ===
ETH     внутри канала: пробой вверх > 2586.50 (+4.1%), вниз < 2406.70 (-3.1%) | цена 2484.00
ETH-VOL в шорте +1.3R, стоп 2,544.5
ETH-MOM в шорте +1.6R, стоп 2,544.5
ETH-DONCH нет сигнала (цена 2,475.7)
BTCd-VOL в лонге +1.9R, стоп 79,085
BTCd-MOM в лонге +3.9R, стоп 79,085
BTCd-DONCH в лонге -0.8R, стоп 80,348
BTC-BOS нет сигнала (цена 82,283, ADX 37)
BTC-MOM нет сигнала (цена 82,283, ADX 37)
BTC-DONCH в шорте +0.2R, стоп 83,647
GOLD-D20 в шорте -0.1R, стоп 4238.8
GOLD-D55 внутри канала (4071-4697), цена 4145.8
GOLD-D10 в шорте +0.9R, стоп 4238.8
GOLD-D в лонге -0.0R, стоп 4134.7
LOTTO   тихо: горячих 37 (проверено 8), пробоев 30д нет

=== Сканер сетапов | 2026-10-09 18:22 (локальное) ===
ETH     внутри канала: пробой вверх > 2586.50 (+3.9%), вниз < 2406.70 (-3.3%) | цена 2488.70
ETH-VOL в шорте +1.3R, стоп 2,544.5
ETH-MOM в шорте +1.6R, стоп 2,544.5
ETH-DONCH нет сигнала (цена 2,475.7)
BTCd-VOL в лонге +1.9R, стоп 79,085
BTCd-MOM в лонге +3.9R, стоп 79,085
BTCd-DONCH в лонге -0.8R, стоп 80,348
BTC-BOS нет сигнала (цена 82,283, ADX 37)
BTC-MOM нет сигнала (цена 82,283, ADX 37)
BTC-DONCH в шорте +0.2R, стоп 83,647
GOLD-D20 в шорте -0.1R, стоп 4238.8
GOLD-D55 внутри канала (4071-4697), цена 4145.8
GOLD-D10 в шорте +0.9R, стоп 4238.8
GOLD-D в лонге +0.0R, стоп 4134.7
LOTTO   тихо: горячих 36 (проверено 8), пробоев 30д нет

=== Сканер сетапов | 2026-10-09 18:50 (локальное) ===
ETH     внутри канала: пробой вверх > 2586.50 (+3.9%), вниз < 2406.70 (-3.3%) | цена 2488.70
ETH-VOL в шорте +1.3R, стоп 2,544.5
ETH-MOM в шорте +1.6R, стоп 2,544.5
ETH-DONCH нет сигнала (цена 2,475.7)
BTCd-VOL в лонге +1.9R, стоп 79,085
BTCd-MOM в лонге +3.9R, стоп 79,085
BTCd-DONCH в лонге -0.8R, стоп 80,348
BTC-BOS нет сигнала (цена 82,283, ADX 37)
BTC-MOM нет сигнала (цена 82,283, ADX 37)
BTC-DONCH в шорте +0.2R, стоп 83,647
GOLD-D20 в шорте -0.1R, стоп 4238.8
GOLD-D55 внутри канала (4071-4697), цена 4145.8
GOLD-D10 в шорте +0.9R, стоп 4238.8
GOLD-D в лонге +0.0R, стоп 4134.7
LOTTO   тихо: горячих 36 (проверено 8), пробоев 30д нет

=== Сканер сетапов | 2026-10-09 18:50 (локальное) ===
ETH     внутри канала: пробой вверх > 2586.50 (+3.9%), вниз < 2406.70 (-3.3%) | цена 2488.70
ETH-VOL в шорте +1.3R, стоп 2,544.5
ETH-MOM в шорте +1.6R, стоп 2,544.5
ETH-DONCH нет сигнала (цена 2,475.7)
BTCd-VOL в лонге +1.9R, стоп 79,085
BTCd-MOM в лонге +3.9R, стоп 79,085
BTCd-DONCH в лонге -0.8R, стоп 80,348
BTC-BOS нет сигнала (цена 82,283, ADX 37)
BTC-MOM нет сигнала (цена 82,283, ADX 37)
BTC-DONCH в шорте +0.2R, стоп 83,647
GOLD-D20 в шорте -0.1R, стоп 4238.8
GOLD-D55 внутри канала (4071-4697), цена 4145.8
GOLD-D10 в шорте +0.9R, стоп 4238.8
GOLD-D в лонге +0.0R, стоп 4134.7
LOTTO   тихо: горячих 36 (проверено 8), пробоев 30д нет

=== Сканер сетапов | 2026-10-09 19:18 (локальное) ===
ETH     внутри канала: пробой вверх > 2586.50 (+4.0%), вниз < 2406.70 (-3.2%) | цена 2487.10
ETH-VOL в шорте +1.2R, стоп 2,544.5
ETH-MOM в шорте +1.5R, стоп 2,544.5
ETH-DONCH нет сигнала (цена 2,487.1)
BTCd-VOL в лонге +2.1R, стоп 79,085
BTCd-MOM в лонге +4.2R, стоп 79,085
BTCd-DONCH в лонге -0.6R, стоп 80,348
BTC-BOS нет сигнала (цена 82,580, ADX 35)
BTC-MOM нет сигнала (цена 82,580, ADX 35)
BTC-DONCH в шорте +0.1R, стоп 83,647
GOLD-D20 в шорте -0.4R, стоп 4238.8
GOLD-D55 внутри канала (4071-4697), цена 4190.8
GOLD-D10 в шорте +0.7R, стоп 4238.8
GOLD-D в лонге +0.0R, стоп 4134.7
LOTTO   ZK: оборот 2.6x OI + пробой 30д максимума
LOTTO   STRK: оборот 2.4x OI + пробой 30д максимума
LOTTO   ATOM: оборот 1.3x OI + пробой 30д максимума

=== Сканер сетапов | 2026-10-09 19:46 (локальное) ===
ETH     внутри канала: пробой вверх > 2586.50 (+4.0%), вниз < 2406.70 (-3.2%) | цена 2487.10
ETH-VOL в шорте +1.2R, стоп 2,544.5
ETH-MOM в шорте +1.5R, стоп 2,544.5
ETH-DONCH нет сигнала (цена 2,487.1)
BTCd-VOL в лонге +2.1R, стоп 79,085
BTCd-MOM в лонге +4.2R, стоп 79,085
BTCd-DONCH в лонге -0.6R, стоп 80,348
BTC-BOS нет сигнала (цена 82,580, ADX 35)
BTC-MOM нет сигнала (цена 82,580, ADX 35)
BTC-DONCH в шорте +0.1R, стоп 83,647
GOLD-D20 в шорте -0.4R, стоп 4238.8
GOLD-D55 внутри канала (4071-4697), цена 4190.8
GOLD-D10 в шорте +0.7R, стоп 4238.8
GOLD-D в лонге +0.0R, стоп 4134.7
LOTTO   тихо: горячих 37 (проверено 8), пробоев 30д нет

=== Сканер сетапов | 2026-10-09 20:14 (локальное) ===
ETH     внутри канала: пробой вверх > 2586.50 (+3.9%), вниз < 2406.70 (-3.3%) | цена 2488.50
ETH-VOL в шорте +1.2R, стоп 2,544.5
ETH-MOM в шорте +1.5R, стоп 2,544.5
ETH-DONCH нет сигнала (цена 2,487.1)
BTCd-VOL в лонге +2.1R, стоп 79,085
BTCd-MOM в лонге +4.2R, стоп 79,085
BTCd-DONCH в лонге -0.6R, стоп 80,348
BTC-BOS нет сигнала (цена 82,580, ADX 35)
BTC-MOM нет сигнала (цена 82,580, ADX 35)
BTC-DONCH в шорте +0.1R, стоп 83,647
GOLD-D20 в шорте -0.4R, стоп 4238.8
GOLD-D55 внутри канала (4071-4697), цена 4190.8
GOLD-D10 в шорте +0.7R, стоп 4238.8
GOLD-D в лонге +0.0R, стоп 4134.7
LOTTO   тихо: горячих 38 (проверено 8), пробоев 30д нет

=== Сканер сетапов | 2026-10-09 20:43 (локальное) ===
ETH     внутри канала: пробой вверх > 2586.50 (+3.9%), вниз < 2406.70 (-3.3%) | цена 2488.50
ETH-VOL в шорте +1.2R, стоп 2,544.5
ETH-MOM в шорте +1.5R, стоп 2,544.5
ETH-DONCH нет сигнала (цена 2,487.1)
BTCd-VOL в лонге +2.1R, стоп 79,085
BTCd-MOM в лонге +4.2R, стоп 79,085
BTCd-DONCH в лонге -0.6R, стоп 80,348
BTC-BOS нет сигнала (цена 82,580, ADX 35)
BTC-MOM нет сигнала (цена 82,580, ADX 35)
BTC-DONCH в шорте +0.1R, стоп 83,647
GOLD-D20 в шорте -0.4R, стоп 4238.8
GOLD-D55 внутри канала (4071-4697), цена 4190.8
GOLD-D10 в шорте +0.7R, стоп 4238.8
GOLD-D в лонге -0.0R, стоп 4134.7
LOTTO   тихо: горячих 37 (проверено 8), пробоев 30д нет

